member_id,Meetup_1,Meetup_2,Meetup_3,Intro,Photo,Location_munich,last_visited_within_2wb_m2,last_visited_within_1wb_m2,last_visited_within_2wb_m3,last_visited_within_1wb_m3
1,x,x,RYS,0,1,1,0,0,1,1
2,x,RYN,-,0,1,1,1,1,0,0
3,-,-,RYS,0,1,0,0,0,0,0
4,x,-,-,0,1,1,0,0,0,0
5,x,x,-,0,1,1,0,0,0,0
6,x,-,-,0,1,0,1,1,0,0
7,x,x,-,0,1,1,0,0,0,0
8,x,-,-,0,1,1,0,0,0,0
9,x,x,-,0,1,1,0,0,0,0
10,x,x,-,0,0,1,0,0,0,0
11,x,x,-,0,0,1,0,0,1,1
12,x,x,-,0,0,1,0,0,1,0
13,x,RYN,-,0,1,1,1,1,0,0
14,-,-,-,0,1,1,0,0,0,0
15,-,RYN,-,0,1,1,1,1,0,0
16,RYN,RYS,RYN,0,1,1,1,1,1,1
17,RYS,RYN,RYN,0,1,1,1,1,1,1
18,x,x,-,0,1,1,0,0,0,0
19,RN,-,-,0,0,1,0,0,0,0
20,x,x,RYS,0,1,0,0,0,1,1
21,x,x,-,0,0,1,0,0,0,0
22,RYN,RN,RYN,0,1,1,1,1,1,1
23,RYS,RN,-,0,0,1,1,1,0,0
24,RN,RYS,RYN,0,1,1,1,1,1,1
25,x,x,RYN,0,1,1,0,0,1,1
26,x,x,-,0,1,1,0,0,0,0
27,x,x,RYS,0,1,0,0,0,1,1
28,RYS,RN,RN,1,1,1,1,1,1,1
29,x,RYN,-,0,1,1,1,1,0,0
30,-,-,-,0,1,1,0,0,0,0
31,x,-,-,0,1,1,1,0,0,0
32,x,x,RYN,0,1,1,0,0,1,0
33,x,x,-,0,1,1,0,0,1,1
34,x,-,-,0,1,0,1,1,0,0
35,x,-,-,0,1,1,0,0,0,0
36,-,-,-,0,1,0,0,0,1,1
37,x,RYS,RN,0,1,1,1,1,1,1
38,-,-,-,0,0,1,0,0,0,0
39,x,RYS,-,0,1,1,1,1,0,0
40,-,-,-,0,1,1,0,0,0,0
41,-,-,-,0,1,1,1,1,1,1
42,x,x,-,0,1,1,0,0,0,0
43,x,-,-,0,1,1,0,0,0,0
44,x,x,-,0,1,1,1,1,0,0
45,x,-,-,0,1,1,1,1,0,0
46,x,-,-,0,0,1,0,0,0,0
47,x,RN,-,0,1,1,1,1,0,0
48,RYN,RN,-,0,1,1,1,1,0,0
49,-,-,-,0,0,1,0,0,0,0
50,x,x,-,0,1,1,0,0,0,0
51,x,x,-,0,0,1,0,0,0,0
52,x,x,RYN,0,1,1,0,0,1,1
53,RYS,RN,-,0,1,1,1,0,0,0
54,x,x,-,0,1,1,0,0,0,0
55,x,x,-,0,1,1,0,0,1,1
56,x,RYS,-,0,1,1,1,1,0,0
57,x,-,-,0,1,1,0,0,0,0
58,RN,RN,-,0,1,1,1,1,0,0
59,x,x,-,0,1,1,0,0,0,0
60,x,-,-,0,1,1,0,0,0,0
61,x,x,-,0,1,1,1,1,0,0
62,x,-,-,0,1,1,0,0,0,0
63,RN,-,-,0,1,1,1,1,0,0
64,x,x,-,0,1,1,0,0,0,0
65,x,RYS,-,0,1,1,1,1,0,0
66,RYS,RYN,-,0,0,1,1,1,0,0
67,x,-,-,0,1,1,0,0,0,0
68,x,RYS,-,1,1,1,1,1,0,0
69,RYS,-,-,0,1,1,0,0,0,0
70,-,-,-,0,1,1,0,0,0,0
71,x,-,-,0,1,1,0,0,0,0
72,-,-,-,0,1,1,0,0,0,0
73,-,-,-,0,1,1,1,1,0,0
74,-,-,-,0,1,1,0,0,0,0
75,x,RYS,RYN,0,1,1,1,1,1,1
76,RYN,-,-,0,0,1,0,0,0,0
77,x,x,-,0,1,1,1,1,0,0
78,x,-,RYN,0,1,1,0,0,1,1
79,x,x,RN,0,1,1,0,0,1,1
80,-,-,-,0,1,1,0,0,0,0
81,-,-,-,0,1,1,0,0,0,0
82,x,RN,-,0,1,1,1,1,0,0
83,x,-,-,0,1,1,0,0,0,0
84,x,x,-,0,1,1,0,0,0,0
85,x,x,-,0,1,1,0,0,1,1
86,-,-,-,0,1,1,0,0,0,0
87,RN,-,-,0,1,1,1,0,0,0
88,x,x,RYS,0,0,1,0,0,1,1
89,-,-,-,0,0,1,0,0,0,0
90,x,x,RYN,0,1,1,0,0,0,0
91,RYN,-,RYN,0,1,1,0,0,1,1
92,x,x,RN,0,1,1,0,0,1,1
93,x,-,-,0,1,1,0,0,0,0
94,x,-,-,0,1,1,1,1,0,0
95,x,RYN,-,0,1,1,1,0,0,0
96,x,x,-,0,1,1,0,0,0,0
97,x,RYN,RYN,0,1,1,0,0,1,1
98,x,x,-,0,1,1,1,1,0,0
99,x,x,RYN,0,0,1,0,0,1,1
100,x,-,-,0,1,0,1,1,0,0
101,RYN,-,-,0,1,1,1,1,0,0
102,x,x,-,0,1,1,0,0,0,0
103,x,RYS,RYS,0,1,0,1,1,1,1
104,x,-,-,0,0,1,0,0,0,0
105,-,-,RYS,0,1,1,0,0,1,1
106,x,x,-,0,1,1,0,0,0,0
107,x,-,-,0,1,0,0,0,0,0
108,RN,RYS,RYS,0,1,1,1,1,1,1
109,x,x,-,0,1,1,0,0,0,0
110,RYN,-,-,0,1,1,0,0,0,0
111,RYN,RYN,RYN,0,1,1,1,0,1,1
112,RN,RYN,-,0,1,1,1,1,0,0
113,x,RYN,-,0,1,0,0,0,0,0
114,x,x,RYN,0,1,1,0,0,1,1
115,x,-,-,0,0,1,1,0,0,0
116,-,-,-,0,0,1,0,0,0,0
117,x,x,-,0,1,1,0,0,1,1
118,RN,RN,-,0,1,1,1,1,0,0
119,x,-,-,0,1,1,0,0,0,0
120,-,-,-,0,1,1,0,0,0,0
121,x,-,-,0,1,0,0,0,0,0
122,x,-,RYN,0,1,1,0,0,1,1
123,x,x,-,0,1,1,0,0,1,1
124,RYS,-,-,1,1,1,0,0,0,0
125,x,-,-,0,1,0,0,0,0,0
126,x,RYN,-,0,1,1,0,0,0,0
127,x,x,RYS,0,1,0,0,0,1,1
128,RYS,-,-,1,1,1,0,0,0,0
129,x,-,-,0,1,0,0,0,0,0
130,x,x,-,0,1,1,0,0,0,0
131,-,-,-,0,0,1,0,0,0,0
132,x,x,-,0,1,0,1,1,1,0
133,-,-,-,0,1,1,0,0,0,0
134,-,-,-,0,1,1,0,0,0,0
135,x,x,-,0,1,0,0,0,1,1
136,x,RYS,-,0,1,1,1,1,0,0
137,RYN,-,-,0,1,1,0,0,0,0
138,-,-,-,0,1,1,0,0,0,0
139,x,-,-,0,1,1,0,0,0,0
140,x,x,-,0,0,1,0,0,0,0
141,x,x,-,0,1,1,0,0,0,0
142,-,-,-,0,1,1,0,0,0,0
143,x,x,-,0,1,1,0,0,0,0
144,-,-,-,0,1,0,0,0,0,0
145,x,x,RYN,0,0,1,0,0,1,1
146,x,RN,-,0,1,1,1,1,0,0
147,-,-,-,0,1,0,1,1,0,0
148,x,-,-,0,1,1,1,0,1,1
149,-,-,-,0,1,1,0,0,0,0
150,RN,-,-,0,1,1,1,0,0,0
151,RYN,-,-,0,1,1,0,0,0,0
152,-,-,-,0,1,1,0,0,0,0
153,RN,-,-,0,1,1,0,0,0,0
154,x,x,-,0,0,1,0,0,1,1
155,x,x,-,0,1,1,0,0,1,1
156,x,-,-,0,1,1,0,0,0,0
157,RYN,-,RYN,0,1,1,0,0,1,0
158,x,x,-,0,1,0,0,0,0,0
159,-,RN,-,0,1,1,1,1,0,0
160,-,-,-,0,1,1,0,0,0,0
161,-,-,-,0,1,1,0,0,0,0
162,-,-,-,0,1,1,0,0,0,0
163,RYN,-,-,0,0,1,0,0,0,0
164,RYS,RYS,-,0,1,1,1,0,0,0
165,x,x,RYS,0,1,0,0,0,1,1
166,x,x,RYS,0,0,1,0,0,1,1
167,RYN,-,-,0,1,1,0,0,0,0
168,x,RN,-,0,1,1,1,1,0,0
169,x,-,-,0,1,1,0,0,0,0
170,RN,-,-,0,1,1,0,0,0,0
171,RYS,RYS,RN,0,1,1,0,0,1,1
172,-,-,-,0,1,1,1,1,1,1
173,-,RN,-,0,1,1,1,0,0,0
174,x,x,-,0,1,1,1,1,0,0
175,RN,-,-,0,1,1,0,0,0,0
176,x,-,-,0,1,1,1,1,1,0
177,RN,RYN,RN,0,1,1,1,1,1,1
178,x,x,-,0,1,1,0,0,1,0
179,-,-,-,0,0,1,0,0,0,0
180,RN,RN,-,0,1,1,0,0,1,1
181,x,x,-,0,1,1,0,0,0,0
182,-,RYS,RN,0,1,1,1,1,1,1
183,RYN,-,-,0,1,1,0,0,0,0
184,x,-,-,0,0,1,0,0,0,0
185,x,x,-,0,1,0,0,0,1,1
186,-,RN,-,0,0,1,1,1,0,0
187,RN,RN,-,0,1,1,1,1,0,0
188,x,x,-,0,0,1,0,0,1,1
189,x,RYN,-,0,1,1,0,0,0,0
190,x,-,-,0,1,1,0,0,0,0
191,x,RYS,RYS,0,1,1,1,1,1,1
192,x,x,RN,0,1,1,0,0,0,0
193,x,RYN,-,0,1,1,1,0,0,0
194,-,-,-,0,1,1,0,0,0,0
195,x,x,-,0,0,1,0,0,0,0
196,x,-,-,0,1,1,1,1,0,0
197,x,x,-,0,1,1,0,0,0,0
198,x,RYN,-,0,1,1,0,0,1,0
199,-,-,-,0,1,1,0,0,0,0
200,RYN,-,-,0,1,1,0,0,0,0
201,-,-,-,0,1,1,0,0,1,1
202,x,x,-,0,1,0,0,0,1,0
203,x,x,RYN,0,1,1,0,0,1,0
204,RYN,-,-,0,1,1,0,0,0,0
205,-,-,-,0,1,1,0,0,0,0
206,x,x,-,0,1,1,0,0,1,1
207,-,-,-,0,1,0,0,0,0,0
208,x,x,-,0,1,1,0,0,0,0
209,x,-,-,0,1,0,0,0,1,1
210,x,RYN,-,0,1,1,1,1,0,0
211,-,-,-,0,1,0,0,0,0,0
212,x,RYN,RYS,0,1,1,1,1,1,1
213,RYS,RYS,RYS,1,1,1,1,1,1,1
214,RYS,-,-,1,1,1,0,0,0,0
215,x,x,-,0,1,1,0,0,0,0
216,RYS,RYS,-,0,1,1,1,1,1,1
217,-,-,-,0,1,1,0,0,0,0
218,-,-,-,0,1,0,1,1,0,0
219,x,RYN,-,0,0,1,0,0,0,0
220,x,x,-,0,1,1,0,0,1,0
221,-,-,-,0,1,1,0,0,0,0
222,RYN,RYS,RN,0,1,1,1,1,1,1
223,RYN,RYS,-,0,1,1,1,1,0,0
224,x,RYS,RYS,0,0,1,1,1,1,1
225,x,-,-,0,1,1,0,0,0,0
226,x,-,-,0,1,1,0,0,0,0
227,x,x,-,0,1,1,0,0,0,0
228,x,x,-,0,1,1,0,0,1,1
229,-,-,-,0,1,1,0,0,0,0
230,x,RN,-,0,0,1,1,1,0,0
231,x,x,RN,0,0,1,0,0,0,0
232,x,-,-,0,1,0,0,0,0,0
233,RYS,-,-,0,1,1,1,1,0,0
234,x,-,-,0,0,1,0,0,0,0
235,RN,RN,RYS,0,0,1,1,1,1,1
236,RYS,RN,-,0,1,1,1,0,0,0
237,x,x,RN,0,1,1,0,0,1,1
238,x,x,-,0,1,1,0,0,1,1
239,x,x,RYS,0,1,1,0,0,1,1
240,x,x,RYN,0,1,1,0,0,1,1
241,x,x,RYN,0,1,1,0,0,1,1
242,x,x,-,0,1,1,0,0,0,0
243,x,x,-,0,1,1,0,0,0,0
244,x,x,-,0,1,1,0,0,0,0
245,x,x,-,0,1,1,0,0,0,0
246,x,x,-,0,0,1,0,0,0,0
247,x,-,-,0,1,1,0,0,0,0
248,x,x,-,0,1,1,0,0,0,0
249,x,x,RYS,0,1,1,0,0,1,1
250,-,-,-,0,1,0,0,0,0,0
251,x,-,-,0,1,1,1,1,0,0
252,x,RYN,-,0,1,1,1,1,0,0
253,x,x,-,0,1,1,0,0,1,0
254,x,x,-,0,1,1,0,0,1,0
255,x,x,RYN,0,0,1,0,0,1,1
256,-,-,-,0,1,1,0,0,0,0
257,-,-,-,0,1,1,0,0,0,0
258,RYN,-,-,0,1,1,0,0,0,0
259,x,-,-,0,1,1,1,1,0,0
260,RN,-,-,0,1,1,0,0,0,0
261,-,-,-,0,1,1,0,0,0,0
262,x,x,RYS,0,1,1,0,0,1,1
263,-,-,-,0,0,0,0,0,0,0
264,x,x,RN,0,1,0,0,0,0,0
265,x,x,-,0,0,1,0,0,0,0
266,RYS,RN,-,0,1,1,1,1,0,0
267,x,-,-,0,1,1,0,0,0,0
268,x,x,-,0,1,1,0,0,0,0
269,x,-,-,0,1,1,0,0,0,0
270,x,RYS,-,0,0,1,1,1,0,0
271,x,x,RYS,0,1,1,0,0,1,1
272,RYN,-,-,0,1,1,0,0,0,0
273,RYN,RN,-,1,1,1,1,1,0,0
274,x,-,-,0,0,1,0,0,0,0
275,RN,-,-,0,1,1,1,1,1,1
276,-,-,-,0,1,1,0,0,0,0
277,x,x,-,0,0,0,0,0,0,0
278,x,RN,RYN,0,1,1,1,1,1,0
279,RN,-,RYS,0,1,1,0,0,1,1
280,x,x,RYS,0,0,1,0,0,1,1
281,x,-,-,0,1,1,0,0,0,0
282,x,x,RYN,0,1,1,0,0,1,1
283,x,x,-,0,1,1,0,0,0,0
284,x,RYN,-,0,0,1,0,0,0,0
285,-,-,-,0,0,0,0,0,0,0
286,x,x,-,0,1,1,0,0,1,1
287,x,-,-,0,0,1,1,1,0,0
288,x,x,RYS,0,0,1,0,0,1,1
289,RYN,-,RN,0,1,1,0,0,1,1
290,-,-,-,0,0,1,0,0,0,0
291,-,-,-,0,1,1,0,0,0,0
292,x,x,-,0,1,1,0,0,0,0
293,x,x,-,0,0,1,0,0,1,0
294,-,-,RYN,0,1,1,0,0,1,0
295,x,x,-,0,1,1,0,0,1,1
296,RYN,-,RYN,0,1,1,1,1,1,1
297,-,-,-,0,1,1,0,0,0,0
298,x,x,-,0,1,1,0,0,0,0
299,x,x,-,0,1,1,0,0,0,0
300,x,x,-,0,1,1,0,0,1,0
301,x,x,-,0,0,1,0,0,1,1
302,x,x,-,0,1,1,0,0,0,0
303,x,-,-,0,1,1,0,0,0,0
304,x,RYN,-,0,1,0,1,0,0,0
305,x,x,-,0,0,1,0,0,0,0
306,-,-,-,0,1,1,0,0,0,0
307,-,-,-,0,1,0,0,0,0,0
308,x,RN,-,0,0,1,1,1,0,0
309,x,x,-,0,0,1,0,0,0,0
310,x,x,RYS,0,1,0,0,0,1,1
311,-,-,-,0,1,1,0,0,0,0
312,x,-,-,0,1,1,1,0,0,0
313,RN,-,-,0,1,0,0,0,0,0
314,x,-,-,0,0,1,0,0,1,1
315,RN,RYS,RN,0,1,1,1,1,1,1
316,x,x,RYS,0,0,1,0,0,1,1
317,x,x,-,0,1,0,1,1,0,0
318,RYS,-,-,0,1,1,0,0,0,0
319,x,x,-,0,1,0,0,0,0,0
320,-,-,-,0,1,1,0,0,0,0
321,-,RYN,-,0,1,1,0,0,0,0
322,-,-,-,0,1,1,0,0,0,0
323,x,x,-,0,0,1,0,0,0,0
324,-,-,-,0,1,0,0,0,0,0
325,x,-,RYN,0,1,1,0,0,1,1
326,x,-,-,0,1,1,1,1,0,0
327,x,x,-,0,1,0,0,0,0,0
328,x,RN,-,0,1,0,1,1,0,0
329,RN,-,-,0,1,1,0,0,0,0
330,x,RYS,-,1,1,1,1,1,0,0
331,x,x,RYN,0,1,1,0,0,1,1
332,-,-,RYS,0,1,1,0,0,1,1
333,-,-,RYS,0,1,1,0,0,1,1
334,x,-,-,0,1,1,0,0,0,0
335,RN,RYN,-,0,1,1,0,0,0,0
336,-,-,-,0,1,1,0,0,0,0
337,x,-,-,0,1,0,0,0,0,0
338,x,x,-,0,1,1,0,0,1,0
339,x,-,-,0,0,1,0,0,0,0
340,-,-,-,0,1,1,0,0,0,0
341,-,RYS,RYS,0,1,1,1,1,1,1
342,x,-,-,0,0,0,0,0,0,0
343,x,x,-,0,0,1,0,0,0,0
344,x,-,-,0,1,1,0,0,1,1
345,-,RYS,RN,0,1,1,1,1,1,1
346,-,-,-,0,1,1,0,0,0,0
347,RN,-,-,0,1,1,0,0,0,0
348,x,x,-,0,1,1,0,0,0,0
349,RYS,RYS,RN,0,1,1,1,1,1,0
350,x,x,-,0,1,0,0,0,0,0
351,x,x,RYN,0,1,0,0,0,0,0
352,-,-,-,0,1,1,0,0,0,0
353,-,-,-,0,1,0,0,0,0,0
354,-,-,-,0,1,0,0,0,0,0
355,x,x,-,0,0,1,0,0,0,0
356,x,x,-,0,1,1,0,0,1,1
357,x,x,-,0,1,1,0,0,1,1
358,x,x,-,0,1,1,0,0,1,1
359,x,x,-,0,1,1,0,0,0,0
360,RN,RN,RYS,1,1,1,1,1,1,1
361,RN,-,-,0,1,1,0,0,0,0
362,-,-,RN,1,1,1,0,0,1,1
363,-,-,-,0,1,1,0,0,0,0
364,x,-,-,0,1,1,1,1,0,0
365,x,-,-,0,1,1,1,1,1,0
366,x,-,-,0,1,1,0,0,0,0
367,x,x,-,0,1,0,0,0,0,0
368,-,-,-,0,1,1,0,0,0,0
369,-,-,-,0,1,1,0,0,0,0
370,-,-,-,0,1,1,0,0,0,0
371,x,x,-,0,1,1,0,0,0,0
372,x,x,-,0,1,1,0,0,0,0
373,x,-,-,0,1,1,1,1,0,0
374,x,-,-,0,1,1,0,0,0,0
375,x,x,-,0,1,1,0,0,0,0
376,RN,-,-,0,1,1,1,0,0,0
377,x,x,-,0,1,1,0,0,0,0
378,RYS,RN,-,0,1,1,1,1,0,0
379,-,-,-,0,1,1,0,0,0,0
380,-,-,-,0,0,1,0,0,0,0
381,x,-,-,0,1,1,0,0,0,0
382,RYN,-,-,1,1,0,0,0,0,0
383,RN,-,-,0,1,1,0,0,0,0
384,x,x,-,0,1,1,0,0,0,0
385,x,x,RYS,0,1,1,0,0,1,1
386,-,-,-,0,1,1,0,0,0,0
387,RYS,-,RYS,0,1,1,0,0,1,1
388,x,RYN,-,0,1,1,1,1,0,0
389,x,x,RYS,0,0,1,0,0,1,1
390,RYS,-,-,0,1,1,0,0,0,0
391,x,x,-,0,1,1,0,0,1,0
392,x,x,-,0,1,1,0,0,0,0
393,x,x,RYN,0,1,1,0,0,1,0
394,x,x,-,0,1,0,0,0,1,0
395,-,-,-,0,1,1,1,0,0,0
396,RYN,RYS,RYS,0,1,1,1,1,1,1
397,x,x,RYN,0,1,0,0,0,1,1
398,RYN,-,-,0,1,0,0,0,0,0
399,RYN,-,-,0,1,1,0,0,0,0
400,x,-,-,0,1,1,0,0,0,0
401,x,x,-,0,1,1,0,0,0,0
402,x,x,-,0,1,1,0,0,0,0
403,RYS,RYS,RYS,0,1,1,1,1,0,0
404,-,-,-,0,1,1,0,0,0,0
405,x,-,-,0,1,1,1,0,0,0
406,x,-,-,0,1,1,0,0,0,0
407,x,x,-,0,1,1,0,0,1,1
408,x,RYS,-,0,0,1,1,1,0,0
409,RN,-,-,0,1,1,0,0,0,0
410,RN,RN,-,0,1,1,1,1,1,1
411,-,-,-,0,1,0,0,0,0,0
412,x,x,RYS,0,1,1,0,0,1,1
413,x,x,-,0,1,1,0,0,0,0
414,x,-,-,0,1,1,0,0,0,0
415,-,-,RYS,0,1,1,0,0,1,1
416,RYN,-,-,0,1,1,1,1,0,0
417,x,x,-,0,1,1,0,0,0,0
418,x,x,-,0,1,1,0,0,1,1
419,x,RN,-,0,1,1,1,1,0,0
420,x,RN,RYN,0,1,0,1,1,1,1
421,x,x,-,0,1,1,0,0,1,1
422,x,RN,RN,0,1,1,1,1,1,1
423,x,x,-,0,0,1,1,1,0,0
424,x,RYN,-,0,1,1,0,0,0,0
425,x,x,-,0,1,0,0,0,1,1
426,x,-,-,0,1,1,0,0,0,0
427,x,-,-,0,1,0,0,0,0,0
428,x,x,x,0,1,1,0,0,1,1
429,x,x,-,0,1,1,0,0,0,0
430,RYS,-,-,0,1,1,0,0,0,0
431,x,-,-,0,1,0,0,0,1,1
432,x,x,-,0,1,1,0,0,0,0
433,-,-,-,0,1,1,0,0,0,0
434,x,x,-,0,1,1,0,0,0,0
435,x,RYN,RN,0,1,1,1,1,1,1
436,RYN,-,-,0,0,1,1,0,0,0
437,RYN,-,-,0,1,1,0,0,0,0
438,RYN,RN,RYN,0,1,1,1,1,0,0
439,x,x,RYN,0,1,1,0,0,1,1
440,x,-,-,0,0,1,0,0,0,0
441,-,-,-,0,1,1,0,0,0,0
442,x,-,-,0,0,0,0,0,0,0
443,x,-,-,0,1,1,1,1,0,0
444,x,RN,-,0,1,1,1,1,0,0
445,-,-,-,0,1,0,0,0,0,0
446,x,x,-,0,1,0,0,0,0,0
447,-,-,-,0,1,1,0,0,0,0
448,x,RN,-,0,0,1,1,1,0,0
449,RYN,RN,RYN,0,0,1,1,1,1,1
450,x,RYS,RYS,0,1,1,1,1,1,1
451,-,-,-,0,1,1,0,0,0,0
452,-,-,-,0,1,1,0,0,0,0
453,x,x,-,0,1,1,0,0,0,0
454,x,x,RYS,0,1,1,0,0,1,1
455,x,x,-,0,1,1,0,0,0,0
456,x,RYN,-,0,1,1,1,1,0,0
457,RYS,-,-,0,1,1,0,0,0,0
458,x,RYS,-,0,1,1,1,1,1,1
459,x,x,-,0,0,1,0,0,0,0
460,x,x,-,0,1,1,0,0,0,0
461,-,-,-,0,1,1,0,0,0,0
462,RN,-,-,0,1,1,1,1,0,0
463,x,-,-,0,0,1,1,0,0,0
464,-,-,-,0,1,0,0,0,0,0
465,x,x,RN,0,1,1,0,0,1,1
466,RYN,-,RYN,0,1,1,0,0,1,1
467,-,-,-,0,1,1,0,0,0,0
468,x,x,-,0,0,1,0,0,0,0
469,x,x,-,0,1,1,0,0,1,1
470,RYS,-,-,1,1,1,1,1,0,0
471,RYS,RYS,-,0,1,1,1,1,1,1
472,x,-,-,0,1,1,0,0,0,0
473,x,-,-,0,1,0,0,0,0,0
474,-,RYN,-,0,1,1,1,1,0,0
475,x,-,-,0,1,0,1,0,0,0
476,x,-,-,0,1,1,1,1,0,0
477,-,-,-,0,1,1,0,0,0,0
478,-,-,-,0,1,1,0,0,1,1
479,x,RN,-,0,1,1,1,0,1,1
480,-,-,-,0,1,1,0,0,0,0
481,x,-,-,0,1,0,0,0,0,0
482,x,-,-,0,0,1,1,1,1,1
483,-,-,-,0,1,1,0,0,0,0
484,-,-,-,0,0,1,0,0,0,0
485,x,RYN,-,0,1,1,0,0,0,0
486,RN,-,-,0,1,1,0,0,1,1
487,-,-,-,0,0,1,0,0,0,0
488,RYS,RYN,-,0,1,1,1,1,0,0
489,-,-,-,0,1,1,0,0,0,0
490,-,-,-,0,0,1,0,0,0,0
491,x,-,-,0,1,1,0,0,0,0
492,-,-,-,0,1,1,0,0,0,0
493,x,-,-,0,1,1,1,1,0,0
494,x,-,-,0,1,0,0,0,0,0
495,x,-,-,0,1,1,0,0,0,0
496,x,RYS,RYS,0,0,1,1,1,1,1
497,RN,RYS,-,0,1,1,1,1,0,0
498,x,x,RYS,1,0,1,0,0,1,1
499,RYS,RYS,-,1,1,1,1,1,0,0
500,x,x,-,0,1,1,0,0,0,0
501,x,x,-,0,1,1,0,0,0,0
502,x,x,-,0,1,1,0,0,0,0
503,-,-,-,0,1,0,0,0,0,0
504,x,x,-,0,1,1,0,0,0,0
505,x,x,-,0,1,1,0,0,0,0
506,x,x,-,0,1,1,0,0,0,0
507,x,-,-,0,1,1,0,0,0,0
508,x,-,-,0,1,1,0,0,0,0
509,-,-,-,0,1,1,1,0,0,0
510,RYS,-,-,0,1,1,1,0,0,0
511,x,RYN,RYN,0,1,1,0,0,1,1
512,x,-,-,0,1,1,1,1,0,0
513,x,-,-,0,1,0,0,0,0,0
514,RYS,RYN,-,0,1,1,0,0,0,0
515,x,x,RYS,0,1,0,0,0,1,1
516,x,x,-,0,1,1,1,1,0,0
517,x,x,RN,0,1,1,0,0,1,1
518,RYN,-,RN,0,1,1,0,0,1,1
519,x,x,RYS,0,1,1,0,0,1,1
520,x,x,-,0,1,1,0,0,0,0
521,-,-,-,0,1,0,0,0,0,0
522,x,RYN,RYN,0,1,1,0,0,1,1
523,-,-,-,0,1,1,0,0,0,0
524,RYS,-,-,0,1,1,0,0,0,0
525,RYS,RYS,RN,0,1,1,1,1,1,1
526,RYS,RYS,RYN,1,1,1,1,1,0,0
527,x,-,-,0,1,1,0,0,1,1
528,-,-,-,0,1,1,0,0,0,0
529,x,-,-,0,1,1,1,1,0,0
530,x,x,RYS,0,1,1,0,0,1,1
531,x,x,-,0,1,1,0,0,0,0
532,x,x,-,0,0,0,0,0,0,0
533,RN,RN,-,1,1,1,1,1,0,0
534,x,x,RYS,0,1,1,0,0,1,1
535,RYS,RYS,RYS,0,0,1,1,1,1,1
536,x,x,-,0,0,1,0,0,0,0
537,x,x,-,0,1,1,0,0,0,0
538,x,RYN,-,0,1,1,1,1,0,0
539,x,x,-,0,1,1,1,1,0,0
540,x,-,-,0,0,1,0,0,0,0
541,-,-,-,0,1,0,0,0,0,0
542,x,x,-,0,1,1,0,0,0,0
543,x,-,RN,0,1,1,1,1,1,1
544,-,-,-,0,1,1,0,0,0,0
545,x,x,-,0,0,1,0,0,1,1
546,-,-,-,0,1,1,0,0,0,0
547,x,RYN,-,0,1,1,1,0,0,0
548,x,x,RN,0,1,1,0,0,1,1
549,-,-,-,0,1,1,0,0,0,0
550,RN,-,-,0,1,1,0,0,0,0
551,-,-,-,0,1,1,0,0,0,0
552,RYN,-,-,0,1,1,0,0,0,0
553,-,-,RYN,0,1,1,0,0,1,1
554,-,-,-,0,1,1,1,1,0,0
555,x,x,-,0,1,1,0,0,0,0
556,-,-,-,0,0,1,0,0,0,0
557,x,x,-,0,1,1,0,0,0,0
558,-,-,-,0,1,0,0,0,0,0
559,-,-,-,0,1,1,0,0,1,1
560,RYN,-,-,0,1,1,0,0,0,0
561,x,RYS,-,0,0,1,1,1,0,0
562,x,-,-,0,1,1,0,0,0,0
563,x,x,-,0,0,1,0,0,0,0
564,-,-,-,0,1,1,0,0,0,0
565,RYS,RN,-,0,1,1,1,1,0,0
566,x,-,-,0,1,1,0,0,0,0
567,x,x,-,0,1,1,0,0,0,0
568,x,RYS,-,0,1,1,1,1,0,0
569,x,-,-,0,0,1,1,1,0,0
570,-,-,-,0,1,1,1,0,0,0
571,RYN,RN,-,0,1,1,1,1,1,1
572,-,-,-,0,1,1,0,0,0,0
573,-,-,-,0,1,1,0,0,0,0
574,x,x,-,0,1,1,0,0,0,0
575,RYS,-,RYS,1,1,1,1,1,0,0
576,x,-,-,0,1,1,0,0,0,0
577,-,-,-,0,1,1,0,0,1,1
578,-,-,-,0,1,0,0,0,0,0
579,RYS,RN,-,0,0,1,0,0,0,0
580,x,x,RYS,0,1,1,0,0,1,1
581,x,-,-,0,0,1,1,1,1,1
582,-,-,-,0,1,1,0,0,0,0
583,x,-,-,0,1,0,1,0,0,0
584,-,RN,RN,0,1,1,1,0,1,1
585,x,-,-,0,0,1,1,0,0,0
586,RYN,RYS,RN,0,1,1,1,1,1,1
587,RYN,-,-,0,0,0,0,0,0,0
588,x,x,-,0,1,1,0,0,0,0
589,-,-,-,0,1,0,0,0,0,0
590,x,x,RYN,0,1,1,0,0,1,1
591,-,RYN,-,0,1,1,1,0,0,0
592,RN,-,-,0,0,1,0,0,0,0
593,x,x,-,0,0,1,0,0,1,1
594,x,x,-,0,1,1,0,0,0,0
595,x,-,-,0,1,0,0,0,0,0
596,x,x,-,0,0,1,0,0,0,0
597,RN,-,-,0,1,1,0,0,0,0
598,-,-,-,0,1,1,0,0,0,0
599,x,-,-,0,1,1,0,0,0,0
600,x,-,RN,0,1,1,1,1,1,0
601,RN,RYN,-,0,1,1,1,1,0,0
602,-,-,-,0,1,1,0,0,0,0
603,x,x,-,0,1,1,0,0,1,0
604,x,RN,-,0,1,1,1,1,0,0
605,RYN,RYS,-,0,1,1,1,1,0,0
606,x,RYS,-,0,1,1,1,1,0,0
607,-,-,-,1,1,1,0,0,0,0
608,-,-,-,0,1,0,0,0,0,0
609,x,x,-,0,1,1,0,0,0,0
610,x,x,-,0,1,1,0,0,0,0
611,x,RYN,RYN,0,1,1,1,1,1,1
612,RYS,RYS,RYS,1,1,1,1,1,1,1
613,x,-,RYN,0,1,1,1,1,1,1
614,-,-,-,0,1,1,0,0,0,0
615,x,RYN,-,0,1,0,1,1,0,0
616,x,-,-,0,1,1,0,0,0,0
617,x,x,-,0,1,1,0,0,0,0
618,-,-,-,0,0,1,1,1,1,1
619,RYN,-,-,0,1,1,0,0,0,0
620,RN,-,-,0,1,0,1,1,0,0
621,-,-,-,0,0,1,0,0,0,0
622,-,-,-,0,1,0,0,0,0,0
623,RN,-,RYS,0,1,1,0,0,1,1
624,-,-,-,0,1,1,0,0,0,0
625,x,x,-,0,1,1,0,0,1,0
626,x,RN,-,0,1,1,1,1,1,0
627,x,-,-,0,1,1,0,0,0,0
628,x,-,RYS,0,0,1,1,1,1,1
629,x,x,-,0,1,1,0,0,0,0
630,-,-,-,0,1,1,1,0,0,0
631,-,RYS,-,0,1,0,1,1,1,1
632,x,x,-,0,0,1,0,0,0,0
633,-,-,-,0,1,1,0,0,0,0
634,x,-,-,0,0,1,0,0,1,1
635,-,-,-,0,1,1,0,0,0,0
636,x,-,-,0,1,1,0,0,0,0
637,x,x,RYS,0,1,1,0,0,1,1
638,x,-,-,0,1,1,0,0,0,0
639,-,-,-,0,1,1,0,0,0,0
640,x,x,-,0,0,1,0,0,1,1
641,RYS,RYS,RN,0,1,1,1,1,1,0
642,x,x,-,0,1,1,0,0,0,0
643,RYS,-,-,0,1,1,0,0,0,0
644,x,-,-,0,0,1,0,0,0,0
645,-,-,-,0,0,1,0,0,0,0
646,x,x,-,0,1,0,0,0,0,0
647,x,-,-,0,1,1,0,0,0,0
648,x,RYS,-,0,1,1,1,1,0,0
649,x,x,-,0,0,1,0,0,0,0
650,x,-,-,0,1,1,0,0,0,0
651,RN,-,-,0,1,1,0,0,1,1
652,RYN,-,-,0,1,1,0,0,0,0
653,x,x,x,0,1,1,0,0,1,1
654,x,-,-,0,1,1,0,0,0,0
655,-,-,-,0,1,1,0,0,0,0
656,x,x,-,0,1,1,0,0,0,0
657,RYN,-,-,0,1,1,0,0,0,0
658,RYN,-,-,0,0,1,0,0,1,0
659,x,-,-,0,1,1,0,0,0,0
660,x,-,-,0,0,1,0,0,0,0
661,-,RYN,-,0,1,1,0,0,0,0
662,x,x,x,0,1,1,0,0,1,1
663,x,x,-,0,1,1,1,1,0,0
664,x,x,RYS,0,1,1,0,0,1,1
665,-,-,-,0,1,1,0,0,0,0
666,x,x,-,0,1,1,0,0,1,0
667,-,-,-,0,0,1,0,0,0,0
668,-,-,-,0,0,1,0,0,0,0
669,RYN,RYS,RN,1,1,1,1,1,1,1
670,-,-,-,0,1,1,1,1,0,0
671,x,x,-,0,1,1,0,0,0,0
672,x,-,-,0,0,1,1,1,0,0
673,x,x,-,0,0,0,0,0,0,0
674,RYS,RYN,RYS,0,1,1,1,1,1,1
675,x,-,RN,0,0,1,0,0,1,1
676,x,x,-,0,1,1,0,0,1,1
677,x,x,RYS,0,1,1,0,0,1,1
678,x,x,-,0,1,1,0,0,0,0
679,x,RYN,-,0,1,1,1,1,0,0
680,x,-,-,0,1,1,0,0,0,0
681,-,-,-,0,1,1,0,0,0,0
682,x,x,-,0,1,1,1,1,0,0
683,x,-,-,0,1,1,0,0,0,0
684,-,-,-,0,1,1,0,0,0,0
685,x,x,RYN,0,0,0,0,0,1,1
686,RN,-,-,0,1,0,0,0,0,0
687,RYN,RYN,RYN,0,1,1,1,1,1,1
688,x,x,RYN,0,1,0,0,0,1,0
689,RYN,-,-,0,1,1,0,0,0,0
690,RN,RN,RYS,0,1,1,1,1,1,1
691,x,-,-,0,1,0,0,0,0,0
692,x,x,RYS,0,1,1,0,0,1,1
693,RN,RN,RN,0,1,1,1,0,1,1
694,-,-,-,0,1,1,0,0,0,0
695,x,-,-,0,1,0,0,0,0,0
696,RYN,RYN,RN,0,1,1,1,1,1,1
697,x,-,-,0,1,1,1,0,0,0
698,x,x,RYN,0,0,1,0,0,1,1
699,x,RYN,-,0,1,1,0,0,0,0
700,x,-,-,0,1,1,1,1,0,0
701,x,x,RYN,0,1,1,0,0,1,1
702,x,-,-,0,0,1,0,0,0,0
703,RYS,RYS,RYS,0,1,1,1,1,1,1
704,RYN,RYS,RYN,0,1,1,1,1,1,1
705,x,x,-,0,0,1,0,0,0,0
706,-,-,-,0,1,1,0,0,0,0
707,x,x,RYS,0,1,0,0,0,1,1
708,x,x,-,0,1,1,0,0,0,0
709,x,x,-,0,0,1,0,0,1,1
710,-,-,-,0,0,1,0,0,0,0
711,x,-,-,0,1,1,0,0,0,0
712,x,x,RYS,0,1,1,0,0,1,1
713,x,x,-,0,1,1,0,0,1,1
714,x,x,-,0,1,1,0,0,1,1
715,x,x,-,0,1,1,0,0,0,0
716,-,-,-,0,0,1,0,0,0,0
717,x,x,-,0,1,1,0,0,0,0
718,x,RYN,-,0,1,1,1,0,0,0
719,x,x,-,0,1,1,0,0,1,1
720,RYN,-,-,0,1,1,0,0,0,0
721,x,x,-,0,0,0,0,0,0,0
722,RYN,-,-,0,1,1,0,0,0,0
723,RYS,RYS,-,0,1,0,1,1,0,0
724,x,x,-,0,1,1,0,0,0,0
725,x,-,-,0,0,1,1,1,0,0
726,x,-,-,0,1,1,1,1,0,0
727,x,-,-,0,0,1,0,0,0,0
728,RYN,RYS,RN,0,1,1,1,1,1,1
729,x,-,-,0,1,1,0,0,0,0
730,-,-,RYN,0,1,1,0,0,0,0
731,x,RYS,-,0,1,1,1,1,0,0
732,x,x,RYS,0,1,1,0,0,1,0
733,-,-,-,0,1,1,0,0,0,0
734,x,RYN,-,0,0,1,0,0,0,0
735,x,x,RN,0,1,1,0,0,1,1
736,RYN,-,-,0,1,1,0,0,0,0
737,RN,-,-,0,0,1,0,0,0,0
738,RYN,-,-,0,1,1,0,0,0,0
739,-,-,-,0,1,1,0,0,0,0
740,x,x,RN,0,1,1,0,0,1,1
741,x,-,-,0,1,1,0,0,0,0
742,x,x,-,0,1,0,0,0,0,0
743,x,x,-,0,1,1,0,0,0,0
744,x,x,-,0,0,1,0,0,0,0
745,x,RYN,-,0,1,0,1,1,0,0
746,RYS,RYS,RYS,0,1,1,1,1,1,1
747,x,x,-,0,1,1,0,0,0,0
748,-,RN,-,0,1,1,1,1,0,0
749,x,x,RYS,0,1,1,0,0,1,1
750,-,-,-,0,0,1,0,0,0,0
751,-,-,-,0,1,1,0,0,0,0
752,-,RYN,-,0,1,1,1,1,0,0
753,x,x,RYS,0,1,1,0,0,1,1
754,x,x,RYN,0,1,1,0,0,1,0
755,x,x,RYN,0,1,1,0,0,1,1
756,-,-,-,1,0,1,0,0,0,0
757,-,-,-,0,1,0,0,0,0,0
758,x,-,-,0,1,1,1,1,0,0
759,x,-,RN,0,1,1,0,0,1,1
760,x,x,x,0,1,1,0,0,1,1
761,-,-,-,0,1,1,0,0,0,0
762,-,-,-,0,1,1,0,0,0,0
763,x,x,-,0,1,1,0,0,0,0
764,-,-,-,0,1,1,0,0,0,0
765,x,-,-,0,0,1,0,0,0,0
766,x,x,RYS,0,0,1,0,0,1,1
767,x,-,-,0,1,1,0,0,0,0
768,x,x,-,0,1,0,0,0,1,1
769,x,RN,RN,0,0,1,1,1,1,1
770,x,-,-,0,1,1,0,0,0,0
771,x,RYS,RYN,0,1,1,1,1,1,1
772,x,x,RN,0,1,1,0,0,1,1
773,x,-,-,0,1,0,0,0,0,0
774,x,RYS,-,0,1,1,1,1,0,0
775,x,x,-,0,1,1,0,0,0,0
776,-,-,-,0,1,1,0,0,0,0
777,-,-,-,0,1,1,1,0,0,0
778,x,x,-,0,1,0,1,1,0,0
779,RN,RYN,-,0,1,1,1,1,0,0
780,RN,-,RN,0,1,1,0,0,1,1
781,x,RYS,RYS,0,0,1,0,0,1,1
782,x,-,-,0,0,1,1,1,0,0
783,x,x,RYS,0,0,1,0,0,1,1
784,x,x,RN,0,1,1,0,0,1,0
785,x,x,-,0,1,1,0,0,1,1
786,x,RYS,-,0,0,1,1,1,0,0
787,x,x,x,0,1,1,0,0,1,1
788,x,-,-,0,1,1,0,0,0,0
789,x,x,-,0,1,1,0,0,0,0
790,x,-,-,0,1,1,0,0,0,0
791,RYS,RN,RYS,0,1,1,1,1,1,1
792,RYN,-,-,0,1,1,0,0,0,0
793,RYS,RN,-,0,1,1,1,1,0,0
794,x,x,-,0,1,1,0,0,0,0
795,x,-,-,0,1,1,1,0,0,0
796,x,-,-,0,1,1,0,0,0,0
797,x,-,-,0,1,1,1,0,0,0
798,x,x,-,0,1,0,0,0,0,0
799,x,x,-,0,1,1,0,0,0,0
800,RYN,-,-,0,1,1,0,0,0,0
801,RYN,-,RN,0,1,1,1,1,1,1
802,RYS,-,-,0,1,1,0,0,0,0
803,x,x,RN,0,1,1,0,0,1,1
804,RYN,-,-,0,1,1,0,0,0,0
805,x,-,-,0,1,1,0,0,0,0
806,x,x,-,0,1,1,0,0,0,0
807,-,-,-,0,1,1,0,0,0,0
808,x,x,RYS,0,1,1,0,0,1,1
809,-,-,-,0,1,1,0,0,0,0
810,x,x,-,0,1,1,1,1,0,0
811,x,x,-,0,1,1,0,0,0,0
812,RYS,-,-,0,1,1,1,1,0,0
813,-,-,-,0,0,1,0,0,0,0
814,x,-,-,0,0,1,0,0,0,0
815,x,x,-,0,1,0,1,1,0,0
816,x,-,-,0,1,1,0,0,1,1
817,x,x,-,0,1,1,0,0,0,0
818,-,-,-,0,0,1,1,1,0,0
819,x,x,-,0,1,1,0,0,0,0
820,x,-,-,0,1,1,0,0,0,0
821,x,x,-,0,1,1,0,0,0,0
822,-,-,-,0,0,1,1,1,0,0
823,x,-,-,0,1,1,0,0,0,0
824,x,RN,RYS,1,1,1,1,0,1,1
825,RYN,-,-,0,1,1,0,0,0,0
826,RYN,RN,-,0,1,1,1,1,0,0
827,RYN,RN,RYN,0,1,1,1,1,1,1
828,RYS,RN,RYS,0,1,0,1,0,1,1
829,x,-,-,0,0,1,1,0,1,1
830,x,-,-,0,1,1,0,0,0,0
831,x,-,-,0,1,1,0,0,0,0
832,-,RYN,-,0,1,1,1,1,1,0
833,RYN,-,-,0,1,1,0,0,0,0
834,RN,-,-,0,1,1,0,0,0,0
835,x,x,x,0,1,1,0,0,1,1
836,-,-,-,0,1,1,0,0,0,0
837,x,RYN,RYS,0,1,1,1,1,1,1
838,RYS,RYS,RN,0,1,1,1,1,1,1
839,-,-,-,0,1,1,0,0,0,0
840,x,-,-,0,0,1,0,0,0,0
841,x,-,-,0,0,1,0,0,0,0
842,-,-,-,0,1,1,0,0,0,0
843,-,-,-,0,0,0,0,0,0,0
844,x,x,-,0,1,1,0,0,1,1
845,x,-,-,0,0,1,0,0,0,0
846,-,-,-,0,0,0,0,0,0,0
847,x,-,RYN,0,1,1,1,1,1,1
848,x,-,RYN,0,1,1,1,0,1,1
849,x,RYN,-,0,0,1,0,0,0,0
850,x,-,-,0,1,1,0,0,0,0
851,x,x,-,0,1,1,0,0,0,0
852,RYN,-,-,0,1,1,0,0,0,0
853,x,x,-,0,1,1,0,0,0,0
854,RN,RYS,RYS,0,1,1,1,1,1,1
855,x,x,-,0,1,1,0,0,1,1
856,-,-,-,0,1,1,0,0,0,0
857,x,-,-,0,1,1,0,0,0,0
858,x,x,-,0,1,0,0,0,1,1
859,RYN,-,-,0,0,1,0,0,0,0
860,-,-,-,0,1,1,0,0,0,0
861,-,RYN,-,0,1,0,0,0,0,0
862,x,x,RYS,0,0,0,0,0,1,1
863,-,RYS,-,0,0,1,1,1,0,0
864,RYS,RYS,RYS,1,1,1,1,1,1,1
865,RYS,RYN,-,0,0,1,1,1,0,0
866,-,RYS,-,0,1,1,0,0,1,1
867,-,-,-,0,1,1,0,0,1,1
868,x,x,-,0,1,1,1,1,0,0
869,-,-,-,0,1,1,0,0,0,0
870,-,-,-,0,1,1,0,0,0,0
871,x,x,-,0,1,1,0,0,0,0
872,RYN,-,-,0,0,1,0,0,0,0
873,x,x,-,0,1,1,1,1,0,0
874,x,-,-,0,1,1,0,0,0,0
875,x,x,RN,0,0,0,0,0,1,1
876,-,-,-,0,1,1,0,0,0,0
877,-,-,-,0,1,1,0,0,0,0
878,x,x,RN,0,1,1,0,0,1,0
879,x,x,-,0,1,1,0,0,0,0
880,x,RYS,-,0,1,1,1,1,0,0
881,x,-,-,0,0,1,0,0,0,0
882,RYN,-,-,0,1,1,0,0,0,0
883,x,x,-,0,1,1,0,0,0,0
884,x,-,-,0,0,1,0,0,0,0
885,-,-,-,0,1,1,0,0,0,0
886,-,-,-,0,1,1,0,0,0,0
887,x,x,RYN,0,0,1,0,0,1,0
888,-,RYN,-,0,1,1,1,1,0,0
889,x,x,-,0,1,0,0,0,1,1
890,x,x,RYS,0,0,1,0,0,1,1
891,RN,-,-,0,1,1,1,0,0,0
892,RN,RN,-,0,1,1,1,1,1,1
893,x,x,-,0,1,1,0,0,0,0
894,-,-,-,0,0,1,0,0,0,0
895,RYN,-,-,0,1,1,0,0,0,0
896,-,-,-,0,1,0,0,0,0,0
897,RYS,RYN,-,0,1,1,1,1,0,0
898,RYS,RYS,RYN,0,1,1,1,1,1,1
899,x,x,-,0,0,1,0,0,1,1
900,RYN,-,-,0,1,1,0,0,0,0
901,x,-,-,0,1,1,0,0,0,0
902,RYS,-,-,0,0,1,0,0,0,0
903,x,x,-,0,1,1,0,0,0,0
904,-,-,-,0,1,1,0,0,0,0
905,x,-,-,0,1,1,1,1,0,0
906,x,x,RYN,0,1,1,0,0,1,1
907,x,x,RYS,0,1,1,0,0,1,1
908,-,-,-,0,0,1,0,0,0,0
909,x,-,-,0,0,1,0,0,0,0
910,-,-,-,0,1,1,0,0,0,0
911,x,RYS,RN,0,0,1,1,1,1,1
912,RYS,RYS,RYS,0,1,1,1,1,1,1
913,x,-,-,0,1,1,1,0,0,0
914,x,RYN,RYN,1,1,0,1,0,1,1
915,x,x,-,0,1,1,0,0,1,0
916,x,RYN,RYS,0,1,1,1,1,1,1
917,RYS,-,-,0,0,1,0,0,0,0
918,-,-,-,0,1,1,0,0,1,1
919,-,RYN,-,0,1,0,1,1,0,0
920,x,RN,RYS,0,1,1,1,1,1,1
921,x,x,-,0,1,0,0,0,0,0
922,-,-,-,0,0,1,0,0,0,0
923,x,x,-,0,1,0,1,1,0,0
924,-,RN,-,0,1,1,1,1,1,1
925,-,-,-,0,1,1,0,0,0,0
926,-,RN,-,0,1,1,1,1,0,0
927,x,-,-,0,0,1,0,0,0,0
928,-,-,-,0,1,1,0,0,0,0
929,x,RYS,RN,0,1,1,1,1,1,1
930,-,-,-,0,1,1,0,0,0,0
931,-,-,-,0,1,1,0,0,0,0
932,x,x,RYN,0,1,1,0,0,1,0
933,-,-,-,0,1,1,0,0,0,0
934,x,RYS,RYS,0,1,1,1,1,1,1
935,x,RYN,-,0,1,1,0,0,0,0
936,x,-,-,0,1,0,0,0,0,0
937,RYS,-,-,1,1,1,0,0,0,0
938,x,x,RYS,1,1,1,0,0,1,1
939,-,RYS,RN,0,1,1,1,1,0,0
940,x,x,-,0,1,0,0,0,0,0
941,x,-,RYN,0,1,1,1,0,1,1
942,-,-,-,0,0,1,0,0,0,0
943,x,-,-,0,0,1,0,0,0,0
944,x,x,RYS,0,1,1,0,0,1,1
945,x,x,RYS,0,1,1,0,0,1,1
946,x,x,-,0,1,1,0,0,0,0
947,x,x,RYS,0,1,1,0,0,0,0
948,-,-,-,0,1,1,0,0,0,0
949,x,x,-,0,1,1,0,0,0,0
950,-,-,-,0,0,1,0,0,0,0
951,x,x,-,0,1,0,0,0,0,0
952,x,x,-,0,1,1,0,0,1,0
953,x,x,-,0,1,1,0,0,0,0
954,-,-,-,0,1,1,0,0,0,0
955,x,x,-,0,1,1,0,0,1,0
