member_id;Meetup_1;Meetup_2;Meetup_3;Meetup_4;Intro;Photo;Location;RY14db;RYbetw7_14db;RYbetw3_7db
1;x;x;x;-;0;1;1;0;0;0
2;x;x;x;-;0;1;1;0;0;0
3;x;x;x;RYS;0;1;1;0;0;1
4;x;-;-;-;0;1;1;0;0;0
5;RN;-;-;-;0;0;1;0;0;0
6;x;x;RYS;RYS;0;1;1;1;0;0
7;-;-;-;RYN;0;1;1;1;0;0
8;x;x;RN;RYS;0;0;1;1;0;0
9;RYS;-;-;-;0;1;1;0;0;0
10;x;x;x;RYS;0;1;0;0;0;1
11;RYS;-;-;-;1;1;1;0;0;0
12;-;RYN;-;-;0;1;1;0;0;0
13;RN;-;-;-;0;1;1;0;0;0
14;RN;-;-;-;0;1;1;0;0;0
15;-;RN;-;-;0;1;1;0;0;0
16;-;-;RYS;-;0;1;1;0;0;0
17;-;-;-;-;0;1;1;0;0;0
18;x;RYS;-;-;1;1;1;0;0;0
19;RN;-;RN;RYN;0;1;1;1;0;0
20;RYS;-;-;RN;0;1;1;1;0;0
21;RYN;-;-;-;0;1;1;0;0;0
22;x;x;x;-;0;1;1;0;0;0
23;x;RN;-;-;0;1;1;0;0;0
24;-;-;-;-;0;1;1;0;0;0
25;x;x;RYS;RYS;1;1;1;0;1;0
26;x;RYS;RYS;RYS;0;1;1;0;1;0
27;x;x;RN;-;0;1;1;0;0;0
28;-;-;-;-;0;1;1;0;0;0
29;RN;-;RYS;RYS;0;1;1;0;0;0
30;x;RYN;-;-;0;1;1;0;0;0
31;x;-;-;-;0;1;1;0;0;0
32;RYN;-;RN;-;0;1;1;0;0;0
33;-;-;-;-;0;1;1;0;0;0
34;x;x;RYS;-;0;1;0;0;0;0
35;RN;RN;RYS;-;1;1;1;0;0;0
36;-;-;-;-;0;1;1;0;0;0
37;RYS;RN;RYS;RN;0;1;0;1;0;0
38;x;x;-;-;0;1;1;0;0;0
39;RYN;-;-;-;0;1;1;0;0;0
40;-;-;-;-;0;1;1;0;0;0
41;x;x;RYS;RN;0;1;1;1;0;0
42;x;-;-;-;0;1;1;0;0;0
43;-;RN;-;-;0;1;1;0;0;0
44;-;-;-;-;0;1;1;0;0;0
45;-;-;-;-;1;0;1;0;0;0
46;x;x;-;-;0;1;1;0;0;0
47;x;x;-;-;0;1;1;0;0;0
48;x;x;x;x;0;1;1;0;0;0
49;x;x;x;-;0;1;1;0;0;0
50;x;x;RYN;-;0;1;1;0;0;0
51;x;RYN;-;-;0;1;0;0;0;0
52;RN;RN;-;-;0;1;1;0;0;0
53;-;-;-;-;0;1;0;0;0;0
54;x;-;-;-;0;0;1;0;0;0
55;RYN;RN;-;-;0;1;1;0;0;0
56;RYN;-;-;-;0;1;1;0;0;0
57;x;-;-;-;0;0;1;0;0;0
58;x;x;-;-;0;1;1;0;0;0
59;x;-;-;-;0;1;1;0;0;0
60;-;-;-;-;0;1;0;0;0;0
61;x;x;-;-;0;1;1;0;0;0
62;x;x;-;-;0;1;0;0;0;0
63;x;-;-;-;0;1;1;0;0;0
64;RYN;-;-;-;0;1;1;0;0;0
65;x;x;x;-;0;1;1;0;0;0
66;-;-;-;-;0;1;1;0;0;0
67;-;-;-;-;0;1;1;0;0;0
68;RYN;RYS;-;-;0;1;1;0;0;0
69;x;x;-;-;0;1;0;0;0;0
70;RN;-;-;-;0;1;1;0;0;0
71;x;-;-;-;0;1;1;0;0;0
72;RN;RN;-;-;0;1;1;0;0;0
73;x;-;RYN;-;0;1;1;0;0;0
74;x;x;x;RN;0;1;1;0;0;0
75;RYS;RN;RYS;RYS;0;1;1;1;0;0
76;x;x;RYS;RYN;0;0;1;1;0;0
77;x;x;-;-;0;1;1;0;0;0
78;x;RYN;-;-;0;1;1;0;0;0
79;x;x;-;-;0;1;1;0;0;0
80;x;x;x;-;0;1;1;0;0;0
81;RYN;RYS;-;RYN;0;1;1;0;0;1
82;RYN;RN;-;-;0;1;1;0;0;0
83;x;x;-;-;0;1;0;0;0;0
84;x;x;x;RN;0;1;1;0;0;0
85;RYN;-;RN;-;0;1;1;0;0;0
86;RN;RYN;RN;-;0;1;1;0;0;0
87;-;-;-;-;0;1;1;0;0;0
88;-;-;-;-;0;1;1;0;0;0
89;x;RYS;-;-;0;1;1;0;0;0
90;-;RN;RN;-;0;1;1;0;0;0
91;x;x;RYS;-;0;1;1;0;0;0
92;x;-;RYN;-;0;1;1;0;0;0
93;RYS;RN;-;-;0;1;1;0;0;0
94;x;x;RYS;-;0;1;0;0;0;0
95;-;-;-;-;0;1;0;0;0;0
96;-;-;-;-;0;1;1;0;0;0
97;-;-;-;-;0;1;1;0;0;0
98;x;x;x;RYS;0;1;1;1;0;0
99;x;x;RYN;-;0;1;1;0;0;0
100;RYN;-;-;-;0;1;1;0;0;0
101;x;x;-;-;0;1;1;0;0;0
102;x;x;RYN;-;0;1;1;0;0;0
103;x;RYS;-;RN;1;1;1;0;0;1
104;x;x;RYN;-;0;1;1;0;0;0
105;RYN;-;-;-;0;1;1;0;0;0
106;RYN;RN;RYN;-;0;1;1;0;0;0
107;-;RYN;-;-;0;1;1;0;0;0
108;RYN;-;-;-;0;1;1;0;0;0
109;x;x;-;-;0;1;1;0;0;0
110;x;x;RYS;-;0;1;0;0;0;0
111;x;x;-;-;0;0;1;0;0;0
112;RYN;-;-;-;0;1;1;0;0;0
113;-;-;-;-;0;1;1;0;0;0
114;x;-;-;-;0;1;1;0;0;0
115;-;-;-;-;0;1;1;0;0;0
116;x;x;x;-;0;1;1;0;0;0
117;x;x;x;RN;0;0;1;1;0;0
118;RN;RN;-;-;0;1;1;0;0;0
119;RYS;RYS;RN;-;0;1;1;0;0;0
120;x;x;x;-;0;1;1;0;0;0
121;x;x;x;RYS;0;1;0;0;0;0
122;x;RYS;-;-;0;1;1;0;0;0
123;x;-;-;-;0;1;1;0;0;0
124;x;RYS;RYS;RYS;0;1;0;1;0;0
125;x;x;-;-;0;1;1;0;0;0
126;-;RYS;RN;-;0;1;1;0;0;0
127;x;-;-;-;0;1;0;0;0;0
128;x;RYN;-;-;0;1;1;0;0;0
129;x;-;-;-;0;1;1;0;0;0
130;x;x;-;-;0;1;1;0;0;0
131;-;-;-;-;0;1;1;0;0;0
132;x;RYS;RN;RYS;0;1;1;1;0;0
133;-;-;-;RN;0;1;1;1;0;0
134;x;RN;RN;-;0;0;1;0;0;0
135;x;RYN;-;-;0;1;1;0;0;0
136;-;-;-;-;0;1;1;0;0;0
137;-;-;-;-;0;1;1;0;0;0
138;x;x;x;RYS;0;1;1;0;0;0
139;RN;-;RYS;-;0;1;1;0;0;0
140;-;-;-;-;0;1;1;0;0;0
141;x;x;RN;-;0;1;1;0;0;0
142;RN;RYS;RYN;RN;0;1;1;0;0;1
143;x;x;x;RN;0;1;1;0;1;0
144;RYS;-;-;-;1;1;1;0;0;0
145;RN;RN;-;-;0;1;1;0;0;0
146;x;x;-;-;0;1;1;0;0;0
147;-;-;RYS;-;0;1;1;0;0;0
148;RYN;-;RN;-;0;1;1;0;0;0
149;RYS;RYS;RN;RYS;0;1;1;0;0;0
150;x;x;RYS;-;0;1;1;0;0;0
151;x;x;-;-;0;1;1;0;0;0
152;x;-;RYN;-;0;1;1;0;0;0
153;-;-;-;-;0;1;1;0;0;0
154;x;x;x;-;0;1;1;0;0;0
155;RYS;RYN;RYN;RYS;0;1;1;1;0;0
156;x;RYN;-;-;0;1;1;0;0;0
157;RYS;RYN;-;-;0;1;1;0;0;0
158;-;-;-;-;0;0;1;0;0;0
159;x;x;-;-;0;1;1;0;0;0
160;x;-;-;-;0;1;1;0;0;0
161;-;-;-;-;0;0;1;0;0;0
162;x;x;x;RYS;0;1;1;0;0;0
163;-;-;RYN;-;0;1;1;0;0;0
164;RN;-;-;-;0;1;1;0;0;0
165;x;x;RN;-;0;1;1;0;0;0
166;-;-;-;-;0;0;1;0;0;0
167;x;x;x;-;0;1;1;0;0;0
168;RYN;-;-;-;1;1;0;0;0;0
169;-;-;-;-;0;1;0;0;0;0
170;x;x;-;-;0;1;1;0;0;0
171;-;-;-;-;0;1;1;0;0;0
172;x;x;-;-;0;1;0;0;0;0
173;RN;RYN;-;-;0;1;1;0;0;0
174;-;-;-;-;0;1;0;0;0;0
175;x;x;-;-;0;1;1;0;0;0
176;x;RN;-;-;0;1;1;0;0;0
177;-;-;-;-;0;1;1;0;0;0
178;x;-;-;-;0;1;1;0;0;0
179;RYS;-;-;-;1;1;1;0;0;0
180;RN;-;-;-;0;1;1;0;0;0
181;RYN;-;-;-;0;1;1;0;0;0
182;-;-;-;-;0;1;1;0;0;0
183;x;x;x;-;0;1;1;0;0;0
184;-;-;RN;-;1;1;1;0;0;0
185;x;-;-;-;0;1;1;0;0;0
186;x;RYN;-;-;0;1;1;0;0;0
187;-;-;RYS;-;0;1;0;0;0;0
188;-;-;-;-;0;1;1;0;0;0
189;RN;RN;-;-;1;1;1;0;0;0
190;x;x;x;RYN;0;1;1;0;0;1
191;RYS;RN;-;-;0;1;1;0;0;0
192;x;RYN;-;-;0;1;1;0;0;0
193;x;x;RYN;-;0;1;1;0;0;0
194;x;x;-;-;0;1;1;0;0;0
195;x;x;x;-;0;1;1;0;0;0
196;-;-;-;-;0;1;1;0;0;0
197;RN;-;-;-;0;1;1;0;0;0
198;RN;RYN;-;-;0;1;1;0;0;0
199;x;x;-;-;0;1;1;0;0;0
200;-;-;-;-;0;1;1;0;0;0
201;x;RN;-;RN;0;1;1;0;0;0
202;RYN;-;-;-;0;1;1;0;0;0
203;x;x;RN;-;0;1;1;0;0;0
204;-;-;-;-;0;1;1;0;0;0
205;RN;RYS;RYS;RYS;0;1;1;1;0;0
206;RYN;RYS;RN;RYS;0;1;1;1;0;0
207;x;-;-;-;0;1;1;0;0;0
208;x;x;-;-;0;1;1;0;0;0
209;-;-;-;-;0;1;1;0;0;0
210;-;-;-;-;0;1;1;0;0;0
211;x;x;-;-;0;1;1;0;0;0
212;x;x;x;-;0;1;1;0;0;0
213;x;-;-;-;0;1;1;0;0;0
214;x;-;-;-;0;1;1;0;0;0
215;x;x;x;RYN;0;1;1;0;1;0
216;-;-;-;-;0;1;1;0;0;0
217;x;x;-;-;0;1;1;0;0;0
218;-;-;-;-;0;0;1;0;0;0
219;x;RYN;-;-;0;1;1;0;0;0
220;-;-;-;-;0;1;1;0;0;0
221;x;-;-;-;0;1;0;0;0;0
222;RYN;-;RYN;-;0;1;1;0;0;0
223;x;RYS;-;-;0;1;1;0;0;0
224;x;-;-;-;0;1;1;0;0;0
225;x;x;x;-;0;1;1;0;0;0
226;x;-;-;-;0;0;1;0;0;0
227;-;-;-;-;0;1;1;0;0;0
228;x;x;x;-;0;1;0;0;0;0
229;x;RN;-;-;0;1;1;0;0;0
230;x;RYS;RYN;-;0;1;1;0;0;0
231;x;x;-;-;0;1;1;0;0;0
232;x;x;x;-;0;1;1;0;0;0
233;x;x;-;-;0;1;1;0;0;0
234;-;-;-;-;0;1;1;0;0;0
235;RYS;RYS;RYS;RYS;0;1;1;0;0;1
236;RYS;-;-;RN;1;1;1;1;0;0
237;x;-;-;-;0;1;1;0;0;0
238;-;-;-;-;0;1;1;0;0;0
239;x;-;-;-;0;1;1;0;0;0
240;-;-;-;-;0;1;1;0;0;0
241;x;-;-;-;0;1;1;0;0;0
242;-;RYS;RYS;-;0;1;1;0;0;0
243;-;RYN;-;-;0;1;0;0;0;0
244;RYN;RYN;RN;RN;0;1;1;0;0;1
245;x;RYS;RN;RN;0;0;1;0;1;0
246;-;-;-;-;0;1;1;0;0;0
247;x;x;RYN;-;0;1;1;0;0;0
248;x;x;x;-;0;1;1;0;0;0
249;-;-;-;-;0;1;1;0;0;0
250;RYN;-;-;-;0;1;1;0;0;0
251;RN;RYS;-;RN;0;1;1;1;0;0
252;x;x;x;-;0;1;1;0;0;0
253;-;-;-;-;0;1;1;0;0;0
254;-;-;-;-;0;1;1;0;0;0
255;x;x;-;-;0;1;0;0;0;0
256;x;RYN;-;-;0;1;1;0;0;0
257;-;-;-;-;0;1;1;0;0;0
258;RN;RYS;RN;-;0;1;1;0;0;0
259;-;RN;-;-;0;1;1;0;0;0
260;-;-;-;-;0;1;1;0;0;0
261;x;x;x;-;0;1;1;0;0;0
262;x;-;-;-;0;1;1;0;0;0
263;x;x;RYN;-;0;1;1;0;0;0
264;x;RN;-;-;0;1;1;0;0;0
265;RYN;-;-;-;0;1;0;0;0;0
266;x;-;RN;RYN;0;1;1;1;0;0
267;x;x;-;-;0;1;1;0;0;0
268;x;-;-;-;0;0;1;0;0;0
269;RYS;RYS;RYN;RYS;0;1;1;1;0;0
270;x;-;-;-;0;1;1;0;0;0
271;-;-;-;-;0;1;1;0;0;0
272;RN;-;-;-;0;1;1;0;0;0
273;-;RYN;-;-;0;1;1;0;0;0
274;RYS;RYS;RN;RYS;0;1;1;0;1;0
275;x;RYN;-;-;0;1;1;0;0;0
276;x;RN;RYS;RYS;1;1;1;1;0;0
277;-;-;-;-;0;1;1;0;0;0
278;x;x;x;-;0;1;1;0;0;0
279;-;-;-;-;0;0;1;0;0;0
280;x;x;-;-;0;1;1;0;0;0
281;RN;-;-;-;0;1;1;0;0;0
282;RYN;-;-;-;0;1;1;0;0;0
283;RYN;-;-;-;0;1;1;0;0;0
284;x;x;x;RYS;0;1;1;0;0;0
285;x;x;-;-;0;1;1;0;0;0
286;RYS;RYN;-;-;0;1;1;0;0;0
287;x;RN;-;-;0;0;1;0;0;0
288;-;-;-;-;0;1;1;0;0;0
289;-;-;-;-;0;1;1;0;0;0
290;x;x;-;-;0;1;1;0;0;0
291;-;-;-;RN;0;1;1;0;0;1
292;x;x;x;-;0;1;1;0;0;0
293;x;x;-;-;0;1;1;0;0;0
294;RYN;-;-;-;0;1;1;0;0;0
295;RYN;-;-;-;0;1;1;0;0;0
296;x;RYN;RYS;-;0;1;1;0;0;0
297;RYS;RYS;-;RYS;0;1;1;0;0;1
298;-;-;-;-;0;1;1;0;0;0
299;x;x;x;-;0;0;0;0;0;0
300;x;x;-;-;0;1;1;0;0;0
301;x;x;x;-;0;1;1;0;0;0
302;x;x;x;-;0;1;1;0;0;0
303;-;-;-;-;0;1;1;0;0;0
304;x;x;RYS;-;0;1;1;0;0;0
305;RYS;RYN;-;-;0;1;1;0;0;0
306;x;x;x;-;0;1;0;0;0;0
307;-;-;-;-;0;1;1;0;0;0
308;RYN;-;-;-;0;1;1;0;0;0
309;x;x;-;-;0;1;1;0;0;0
310;x;x;x;-;0;1;0;0;0;0
311;RYN;RN;RYN;-;0;1;1;0;0;0
312;x;x;x;-;0;1;1;0;0;0
313;RN;RYS;RYS;RYS;0;1;1;0;1;0
314;-;RN;-;-;0;1;1;0;0;0
315;RN;-;-;RYN;0;1;1;1;0;0
316;x;x;-;-;0;1;1;0;0;0
317;x;x;x;RYS;0;1;0;1;0;0
318;x;RN;-;-;0;0;1;0;0;0
319;RN;RN;-;-;0;1;1;0;0;0
320;x;x;-;-;0;1;1;0;0;0
321;RYN;-;-;-;0;0;0;0;0;0
322;x;-;-;-;0;0;1;0;0;0
323;x;x;-;-;0;1;1;0;0;0
324;-;-;-;-;0;1;1;0;0;0
325;x;x;RYS;RYS;0;1;1;0;1;0
326;RYS;-;-;-;0;1;1;0;0;0
327;x;x;-;-;0;1;1;0;0;0
328;x;x;x;-;0;1;0;0;0;0
329;-;-;-;-;0;1;1;0;0;0
330;-;-;-;-;0;1;0;0;0;0
331;x;RYN;RN;-;0;1;1;0;0;0
332;x;x;-;-;0;1;0;0;0;0
333;x;-;-;-;0;1;1;0;0;0
334;RN;-;-;-;0;1;0;0;0;0
335;RN;-;-;-;0;1;1;0;0;0
336;x;-;-;-;0;1;0;0;0;0
337;RN;-;-;-;0;1;1;0;0;0
338;RYS;-;-;RYS;0;1;1;0;1;0
339;x;x;-;-;0;1;0;0;0;0
340;RYS;-;-;-;0;1;1;0;0;0
341;-;-;-;-;0;1;0;0;0;0
342;x;x;RYN;-;0;0;0;0;0;0
343;-;-;-;-;0;1;1;0;0;0
344;x;x;x;x;0;0;1;0;0;0
345;x;x;x;-;0;1;1;0;0;0
346;RN;-;-;-;0;1;1;0;0;0
347;-;-;-;-;0;0;0;0;0;0
348;-;-;-;-;0;1;1;0;0;0
349;x;x;RYN;-;0;1;1;0;0;0
350;x;x;x;RYS;0;1;1;0;0;1
351;x;x;-;-;0;0;1;0;0;0
352;RYS;RN;RN;-;1;1;1;0;0;0
353;x;x;x;-;0;1;1;0;0;0
354;x;x;x;-;0;1;0;0;0;0
355;x;x;-;-;0;0;1;0;0;0
356;x;x;RYS;-;0;1;1;0;0;0
357;RYS;-;-;-;0;1;1;0;0;0
358;x;x;RYN;-;0;0;1;0;0;0
359;x;-;-;-;0;1;1;0;0;0
360;x;x;x;RYN;0;1;0;0;1;0
361;x;x;x;-;0;0;1;0;0;0
362;x;x;x;-;0;1;1;0;0;0
363;-;-;RYN;-;0;1;1;0;0;0
364;x;-;RYN;-;0;1;1;0;0;0
365;-;-;-;-;0;0;0;0;0;0
366;-;RYS;RN;RN;0;1;1;1;0;0
367;x;x;x;-;0;1;1;0;0;0
368;x;x;-;-;0;0;1;0;0;0
369;RYN;RN;-;RN;0;1;1;0;0;0
370;x;-;-;-;0;1;1;0;0;0
371;RN;-;-;-;0;1;1;0;0;0
372;-;-;-;-;0;1;1;0;0;0
373;x;x;RYN;-;0;1;1;0;0;0
374;-;-;-;-;0;1;1;0;0;0
375;x;x;x;-;0;1;1;0;0;0
376;-;-;-;-;0;1;1;0;0;0
377;x;RYS;-;-;0;1;1;0;0;0
378;x;x;-;-;0;1;1;0;0;0
379;x;-;-;-;0;1;1;0;0;0
380;-;-;RYN;-;0;1;1;0;0;0
381;x;x;RYN;RYN;0;0;1;1;0;0
382;x;x;x;RYN;1;1;1;1;0;0
383;x;x;-;-;0;1;0;0;0;0
384;RYS;-;RYS;-;1;1;1;0;0;0
385;-;-;-;-;0;1;1;0;0;0
386;x;x;x;-;0;1;1;0;0;0
387;x;-;-;-;0;1;1;0;0;0
388;-;-;-;-;0;1;1;0;0;0
389;x;x;-;RN;0;0;1;0;0;0
390;x;RYS;-;-;0;1;1;0;0;0
391;RYN;RN;-;-;1;1;1;0;0;0
392;x;-;-;-;0;1;1;0;0;0
393;x;x;x;RYN;0;1;1;0;0;0
394;RYN;-;-;-;0;1;1;0;0;0
395;RN;RYN;-;-;0;1;1;0;0;0
396;x;-;-;-;0;1;1;0;0;0
397;x;x;x;RYS;0;1;1;0;0;1
398;RN;RN;RYS;RYN;0;1;1;1;0;0
399;RYN;-;-;-;0;1;1;0;0;0
400;-;-;-;-;0;1;1;0;0;0
401;RYN;-;-;-;0;0;1;0;0;0
402;x;x;RYS;-;0;1;0;0;0;0
403;x;RYS;RN;RN;0;1;1;0;1;0
404;RN;RN;RYS;RYS;0;0;1;1;0;0
405;x;x;x;-;0;1;1;0;0;0
406;x;-;-;-;0;1;1;0;0;0
407;x;x;x;-;0;1;1;0;0;0
408;x;RYN;RYN;-;0;1;0;0;0;0
409;x;x;x;-;0;1;1;0;0;0
410;-;-;-;-;0;1;1;0;0;0
411;x;x;x;RYN;0;1;1;1;0;0
412;x;-;-;-;0;1;1;0;0;0
413;-;-;-;-;0;1;1;0;0;0
414;x;-;-;-;0;0;0;0;0;0
415;RYS;RYS;-;-;0;1;1;0;0;0
416;x;x;x;-;0;1;1;0;0;0
417;-;RN;-;-;0;1;1;0;0;0
418;RYS;RYS;-;-;0;1;1;0;0;0
419;x;x;x;-;0;1;1;0;0;0
420;x;x;RYS;-;0;1;1;0;0;0
421;x;RYN;RYS;RYN;0;1;1;0;0;1
422;x;x;RYN;-;0;1;1;0;0;0
423;RYN;-;-;RYS;0;1;1;0;0;1
424;x;x;RYS;-;0;0;1;0;0;0
425;x;x;RYS;-;0;1;1;0;0;0
426;x;RYN;-;-;0;0;1;0;0;0
427;x;-;-;-;0;1;1;0;0;0
428;x;x;x;x;0;1;1;0;0;0
429;-;-;-;-;0;1;0;0;0;0
430;-;-;-;-;0;1;1;0;0;0
431;x;-;-;-;0;1;1;0;0;0
432;x;x;-;-;0;1;1;0;0;0
433;-;-;-;-;0;1;1;0;0;0
434;RN;RN;RN;-;0;1;1;0;0;0
435;x;RYN;-;-;0;1;1;0;0;0
436;x;x;x;-;0;1;1;0;0;0
437;x;x;x;-;0;1;0;0;0;0
438;x;x;x;RYS;0;1;1;0;1;0
439;x;-;-;-;0;1;1;0;0;0
440;RYN;RYS;RN;-;0;1;1;0;0;0
441;-;RN;-;-;0;0;1;0;0;0
442;RN;-;-;-;0;1;1;0;0;0
443;x;x;-;RYN;0;1;1;0;0;1
444;-;-;-;-;0;1;1;0;0;0
445;x;x;x;-;0;1;1;0;0;0
446;RN;-;-;-;0;1;0;0;0;0
447;-;-;-;-;0;0;1;0;0;0
448;x;RYN;-;-;0;1;1;0;0;0
449;x;-;-;-;0;1;1;0;0;0
450;x;-;-;-;0;1;0;0;0;0
451;RYS;RYN;RYS;RN;0;1;1;1;0;0
452;-;-;-;-;0;1;1;0;0;0
453;x;RYS;-;RYS;0;1;1;1;0;0
454;x;x;-;RYN;0;1;1;0;0;1
455;x;RYS;-;-;0;0;1;0;0;0
456;x;x;RYN;-;0;1;1;0;0;0
457;-;-;-;-;0;1;1;0;0;0
458;x;RN;-;-;0;1;1;0;0;0
459;-;-;-;-;0;1;1;0;0;0
460;RYN;RN;RYN;RYN;0;1;1;0;1;0
461;RYN;-;-;-;0;1;1;0;0;0
462;-;-;-;-;0;1;0;0;0;0
463;RN;-;-;-;0;1;1;0;0;0
464;x;RN;-;-;0;1;1;0;0;0
465;x;-;-;-;0;1;1;0;0;0
466;-;-;-;-;0;1;1;0;0;0
467;x;x;x;-;0;1;1;0;0;0
468;RYN;RYS;RYS;RN;0;1;1;0;0;1
469;-;-;-;-;0;1;1;0;0;0
470;-;-;-;-;0;1;1;0;0;0
471;RYS;RYS;-;-;1;1;1;0;0;0
472;RYS;RYS;RYS;RYS;1;1;1;0;0;0
473;RYS;-;-;-;0;1;1;0;0;0
474;RYS;-;-;-;0;1;1;0;0;0
475;-;-;-;-;0;1;1;0;0;0
476;RN;-;-;-;0;1;1;0;0;0
477;RYS;RYN;-;-;0;0;1;0;0;0
478;-;-;-;-;0;1;1;0;0;0
479;-;-;-;-;0;1;1;0;0;0
480;x;-;-;-;0;0;1;0;0;0
481;x;RYN;-;-;0;1;0;0;0;0
482;RYN;-;-;-;0;1;1;0;0;0
483;x;x;x;-;0;1;1;0;0;0
484;RYN;-;-;-;0;1;1;0;0;0
485;-;-;-;-;0;0;1;0;0;0
486;x;RYS;RYS;RYS;0;0;1;1;0;0
487;-;-;-;-;0;1;1;0;0;0
488;RYN;-;-;RYS;0;1;1;0;0;0
489;RYS;RYS;RN;RN;0;1;1;1;0;0
490;x;-;-;-;0;1;0;0;0;0
491;-;-;-;-;0;1;1;0;0;0
492;x;x;x;RN;0;1;1;0;0;1
493;RYN;-;-;-;0;1;1;0;0;0
494;x;-;-;-;0;1;1;0;0;0
495;x;x;RYS;-;0;1;0;0;0;0
496;-;-;-;-;0;0;1;0;0;0
497;RYN;-;-;-;0;1;1;0;0;0
498;x;x;x;-;0;1;1;0;0;0
499;-;RYS;-;RYN;0;1;1;0;0;0
500;RYS;-;-;-;1;1;1;0;0;0
501;RYS;RYS;RN;-;0;1;1;0;0;0
502;x;x;-;-;0;1;1;0;0;0
503;-;-;RYS;-;0;1;1;0;0;0
504;x;-;-;RN;0;0;1;0;1;0
505;x;RYN;-;-;0;1;1;0;0;0
506;x;-;-;-;0;1;1;0;0;0
507;RYS;-;-;-;0;1;1;0;0;0
508;x;x;x;-;0;1;0;0;0;0
509;RYS;RYS;RYS;RYS;1;1;1;1;0;0
510;RYS;RYS;RYS;-;1;1;1;0;0;0
511;RN;RN;-;RN;0;1;1;0;0;0
512;x;x;-;RYN;0;1;1;0;0;1
513;RYN;-;-;-;0;1;1;0;0;0
514;RYN;RYS;RN;-;1;1;1;0;0;0
515;RN;-;-;-;0;1;1;0;0;0
516;x;x;x;RYS;0;1;1;0;0;0
517;x;x;x;RYN;0;1;1;1;0;0
518;x;RN;RYN;RYS;0;1;0;1;0;0
519;-;-;-;-;0;1;1;0;0;0
520;RYN;-;-;-;0;1;1;0;0;0
521;-;-;-;-;0;1;1;0;0;0
522;RYN;-;-;-;0;1;1;0;0;0
523;-;-;-;-;0;1;1;0;0;0
524;-;-;-;-;0;1;1;0;0;0
525;RYN;-;-;-;0;1;1;0;0;0
526;RYN;-;-;-;0;1;1;0;0;0
527;x;x;x;-;0;1;1;0;0;0
528;RYS;RN;-;RYS;0;1;1;0;0;0
529;-;-;-;-;0;1;0;0;0;0
530;RN;-;-;-;0;1;1;0;0;0
531;x;x;-;-;0;1;1;0;0;0
532;RYS;RYS;RYS;-;0;0;1;0;0;0
533;-;RYS;RN;-;0;1;1;0;0;0
534;RN;-;-;-;0;1;1;0;0;0
535;RYN;-;-;-;0;1;1;0;0;0
536;-;-;-;-;0;1;1;0;0;0
537;-;-;-;-;0;1;1;0;0;0
538;x;x;x;-;0;1;1;0;0;0
539;x;-;-;-;0;1;1;0;0;0
540;RYS;RN;-;-;0;1;1;0;0;0
541;x;RYN;-;-;0;1;0;0;0;0
542;RYN;-;-;-;0;1;1;0;0;0
543;-;-;-;-;0;0;1;0;0;0
544;x;-;-;-;0;1;0;0;0;0
545;x;-;-;-;0;1;1;0;0;0
546;RYS;-;-;-;0;1;1;0;0;0
547;-;RYS;-;-;0;0;1;0;0;0
548;x;x;RN;-;0;1;0;0;0;0
549;x;-;-;-;0;1;1;0;0;0
550;RYS;RN;-;-;0;1;1;0;0;0
551;-;-;-;-;0;1;1;0;0;0
552;x;-;RYN;-;0;1;1;0;0;0
553;RYS;RYS;RYS;-;0;1;1;0;0;0
554;x;x;RYN;-;0;1;0;0;0;0
555;RYS;RYS;-;-;0;1;0;0;0;0
556;-;-;-;-;0;0;1;0;0;0
557;RYN;RYS;RN;-;0;1;1;0;0;0
558;x;RYN;-;-;0;1;0;0;0;0
559;RYS;RN;-;-;0;0;1;0;0;0
560;RYN;-;-;-;0;1;1;0;0;0
561;-;-;-;-;0;0;1;0;0;0
562;-;-;-;-;0;1;1;0;0;0
563;-;-;-;-;0;1;1;0;0;0
564;-;-;-;-;0;0;1;0;0;0
565;-;-;-;-;0;1;1;0;0;0
566;RYN;-;-;-;0;0;1;0;0;0
567;-;-;-;-;0;0;1;0;0;0
568;RYS;RYS;RYS;RYS;0;1;1;0;1;0
569;RYS;-;-;-;0;1;1;0;0;0
570;-;-;-;-;0;1;1;0;0;0
571;-;-;-;-;0;1;1;0;0;0
572;x;x;-;-;0;1;1;0;0;0
573;-;-;-;-;0;1;1;0;0;0
574;-;-;-;-;0;0;1;0;0;0
575;-;-;-;-;0;1;1;0;0;0
576;-;-;-;-;0;1;0;0;0;0
577;-;-;-;-;0;1;0;0;0;0
578;-;-;-;-;0;0;0;0;0;0
579;x;RYN;-;-;0;1;1;0;0;0
580;x;x;x;-;0;0;1;0;0;0
581;-;-;-;-;0;1;0;0;0;0
582;x;RN;-;-;0;1;1;0;0;0
583;x;-;-;-;0;1;1;0;0;0
584;x;x;RN;-;0;1;1;0;0;0
585;x;x;RYN;-;0;1;1;0;0;0
586;-;-;-;-;0;1;1;0;0;0
587;-;-;-;-;0;1;1;0;0;0
588;-;-;-;-;0;1;1;0;0;0
589;-;-;-;-;0;0;1;0;0;0
590;-;-;-;-;0;1;1;0;0;0
591;x;-;-;-;0;1;1;0;0;0
592;-;-;-;-;0;1;1;0;0;0
593;-;-;-;-;0;1;0;0;0;0
594;-;-;-;-;0;0;1;0;0;0
595;RYS;RYS;RYS;RYS;0;1;1;0;1;0
596;x;x;-;-;0;1;1;0;0;0
597;-;-;-;-;0;1;1;0;0;0
598;-;RYN;-;-;0;1;1;0;0;0
599;x;x;-;-;0;0;1;0;0;0
600;RN;-;-;-;0;0;1;0;0;0
601;x;x;-;-;0;1;1;0;0;0
602;-;-;-;-;0;1;1;0;0;0
603;-;-;-;-;0;0;1;0;0;0
604;-;-;-;-;0;0;1;0;0;0
605;-;-;-;-;0;1;1;0;0;0
606;-;-;-;-;0;1;1;0;0;0
607;-;-;-;-;0;1;1;0;0;0
608;-;RYS;-;-;0;1;0;0;0;0
609;-;-;-;-;0;1;0;0;0;0
610;x;x;x;-;0;0;1;0;0;0
611;-;-;-;-;0;1;1;0;0;0
612;-;-;-;-;0;1;1;0;0;0
613;-;-;-;-;0;1;1;0;0;0
614;x;-;-;-;0;1;1;0;0;0
615;-;-;-;-;0;1;0;0;0;0
616;-;-;-;-;0;1;1;0;0;0
617;-;-;-;-;0;1;1;0;0;0
618;RYS;-;-;-;0;1;1;0;0;0
619;-;-;-;-;0;1;0;0;0;0
620;x;x;x;-;0;1;1;0;0;0
621;x;x;x;-;0;1;1;0;0;0
622;-;-;-;-;0;0;1;0;0;0
623;-;-;-;-;0;0;1;0;0;0
624;-;RYN;-;-;0;1;1;0;0;0
625;-;-;-;-;0;1;1;0;0;0
626;x;x;RN;RYN;0;1;1;0;0;0
627;-;-;-;-;0;1;0;0;0;0
628;x;x;-;-;0;1;0;0;0;0
629;-;-;-;-;0;1;1;0;0;0
630;-;-;-;-;0;1;0;0;0;0
631;-;-;-;-;0;1;1;0;0;0
632;-;-;-;-;0;1;1;0;0;0
633;-;-;-;-;0;1;1;0;0;0
634;-;-;-;-;0;0;1;0;0;0
635;-;-;-;-;0;0;1;0;0;0
636;-;-;-;-;0;1;0;0;0;0
637;-;-;-;-;0;1;1;0;0;0
638;-;-;-;-;0;0;1;0;0;0
639;-;-;-;-;0;1;1;0;0;0
640;x;x;x;-;0;1;1;0;0;0
641;RYS;-;-;-;0;0;1;0;0;0
642;RYS;-;RYS;-;0;1;1;0;0;0
643;-;-;-;-;0;1;1;0;0;0
644;-;-;-;-;0;1;1;0;0;0
645;-;RYN;-;-;0;1;1;0;0;0
646;-;-;-;-;0;1;0;0;0;0
647;-;-;-;-;0;0;1;0;0;0
648;x;x;x;-;0;1;1;0;0;0
649;-;-;-;-;0;1;1;0;0;0
650;RYS;RYS;RYN;RYS;1;1;1;0;0;1
651;-;-;-;-;0;0;1;0;0;0
652;RYS;-;-;-;0;1;1;0;0;0
653;RYN;-;-;-;0;0;1;0;0;0
654;x;RN;RYS;-;0;1;1;0;0;0
655;-;-;-;-;0;1;1;0;0;0
656;x;-;-;-;0;1;1;0;0;0
657;RN;-;-;-;0;1;0;0;0;0
658;-;-;-;-;0;0;1;0;0;0
659;RYN;-;-;-;0;0;1;0;0;0
660;-;-;-;-;0;1;1;0;0;0
661;x;x;x;RN;0;0;1;0;0;1
662;-;-;-;-;0;0;1;0;0;0
663;-;-;-;-;0;1;1;0;0;0
664;x;x;-;RYS;0;1;1;0;1;0
665;x;-;-;-;0;1;1;0;0;0
666;RYS;RN;-;-;0;0;1;0;0;0
667;RYS;RN;-;RYN;0;1;1;0;1;0
668;-;-;-;-;0;1;0;0;0;0
669;-;-;-;-;0;1;1;0;0;0
670;-;-;-;-;0;1;0;0;0;0
671;x;x;RYS;-;0;1;1;0;0;0
672;-;-;-;-;0;1;1;0;0;0
673;-;-;-;-;0;1;0;0;0;0
674;-;-;-;-;0;1;1;0;0;0
675;x;-;-;-;0;1;1;0;0;0
676;RYS;RYN;-;-;0;0;1;0;0;0
677;-;RYN;-;-;0;1;0;0;0;0
678;x;RYN;-;-;0;1;1;0;0;0
679;-;-;-;-;0;0;1;0;0;0
680;-;-;-;-;0;0;1;0;0;0
681;x;x;x;-;0;1;1;0;0;0
682;x;x;RYS;-;0;1;1;0;0;0
683;x;-;-;-;0;1;1;0;0;0
684;x;x;x;RYN;0;1;1;0;0;1
685;RYN;-;-;-;0;0;1;0;0;0
686;-;RYN;-;-;0;1;1;0;0;0
687;x;x;x;-;0;1;1;0;0;0
688;-;RYN;-;-;0;1;1;0;0;0
689;x;-;-;-;0;1;1;0;0;0
690;x;RYS;-;RYS;0;0;1;0;0;1
691;x;x;-;-;0;1;1;0;0;0
692;x;RYN;RYS;RN;0;1;1;1;0;0
693;x;-;-;-;0;1;1;0;0;0
694;x;RYN;-;-;0;1;1;0;0;0
695;x;x;-;RN;0;1;1;1;0;0
696;x;-;-;-;0;1;1;0;0;0
697;x;x;-;-;0;0;1;0;0;0
698;x;-;-;-;0;0;1;0;0;0
699;x;RYS;RYN;-;0;1;1;0;0;0
700;x;-;-;-;0;1;1;0;0;0
701;x;-;-;-;0;1;0;0;0;0
702;x;-;-;-;0;1;1;0;0;0
703;x;RYN;-;-;0;0;1;0;0;0
704;x;-;-;-;0;1;1;0;0;0
705;x;-;-;-;0;0;1;0;0;0
706;x;-;-;-;0;1;1;0;0;0
707;x;-;-;-;0;1;1;0;0;0
708;x;-;-;-;0;1;1;0;0;0
709;x;x;x;-;0;1;1;0;0;0
710;x;-;-;-;0;0;1;0;0;0
711;x;-;-;-;0;1;0;0;0;0
712;x;-;-;-;0;1;1;0;0;0
713;x;-;-;-;0;1;1;0;0;0
714;x;x;x;-;0;1;1;0;0;0
715;x;-;-;-;0;1;0;0;0;0
716;x;x;x;-;0;1;1;0;0;0
717;x;-;-;-;0;0;1;0;0;0
718;x;-;-;-;0;1;0;0;0;0
719;x;x;-;-;0;1;1;0;0;0
720;x;RYS;-;-;0;1;1;0;0;0
721;x;x;RYN;-;0;1;0;0;0;0
722;x;-;-;-;0;1;1;0;0;0
723;x;-;-;-;0;1;1;0;0;0
724;x;-;-;-;0;0;1;0;0;0
725;x;-;-;-;0;0;1;0;0;0
726;x;-;-;-;0;0;1;0;0;0
727;x;RYS;RYS;-;0;0;1;0;0;0
728;x;-;-;-;0;0;1;0;0;0
729;x;-;-;-;0;1;0;0;0;0
730;x;RYN;-;-;0;1;1;0;0;0
731;x;-;-;-;0;0;1;0;0;0
732;x;x;x;RYS;0;0;0;0;0;0
733;x;x;x;-;0;1;1;0;0;0
734;x;x;RYS;-;0;0;1;0;0;0
735;x;x;-;-;0;1;1;0;0;0
736;x;-;-;-;0;1;1;0;0;0
737;x;x;RYS;-;0;1;0;0;0;0
738;x;-;-;-;0;0;1;0;0;0
739;x;-;-;-;0;1;1;0;0;0
740;x;RYN;-;RYN;0;1;1;0;0;1
741;x;-;-;-;0;1;1;0;0;0
742;x;-;-;-;0;1;0;0;0;0
743;x;-;RN;-;0;0;1;0;0;0
744;x;x;-;-;0;1;1;0;0;0
745;x;-;-;-;0;1;1;0;0;0
746;x;x;x;RYN;0;1;1;0;1;0
747;x;-;-;-;0;1;1;0;0;0
748;x;-;-;-;0;0;1;0;0;0
749;x;-;-;-;0;1;0;0;0;0
750;x;x;x;-;0;1;1;0;0;0
751;x;RN;RN;-;0;1;1;0;0;0
752;x;x;-;-;0;1;1;0;0;0
753;x;x;-;-;0;0;1;0;0;0
754;x;x;RN;-;0;1;1;0;0;0
755;x;-;-;-;0;1;1;0;0;0
756;x;-;-;-;0;1;1;0;0;0
757;x;-;-;-;0;0;1;0;0;0
758;x;-;-;-;0;0;1;0;0;0
759;x;-;-;-;0;0;1;0;0;0
760;x;-;-;-;0;1;1;0;0;0
761;x;-;-;-;0;0;1;0;0;0
762;x;RYN;-;-;0;0;1;0;0;0
763;x;x;x;-;0;1;1;0;0;0
764;x;-;-;-;0;1;1;0;0;0
765;x;x;RN;-;0;1;1;0;0;0
766;x;-;-;-;0;1;1;0;0;0
767;x;RYS;RYS;RYS;0;0;1;0;0;1
768;x;-;-;-;0;1;1;0;0;0
769;x;-;-;-;0;0;1;0;0;0
770;x;-;-;-;0;1;0;0;0;0
771;x;-;-;-;0;1;1;0;0;0
772;x;x;-;RYN;0;0;1;0;0;1
773;x;-;-;-;0;1;1;0;0;0
774;x;-;-;-;0;1;1;0;0;0
775;x;-;-;-;0;1;1;0;0;0
776;x;-;-;-;0;1;0;0;0;0
777;x;-;-;-;0;1;0;0;0;0
778;x;-;-;-;0;1;1;0;0;0
779;x;-;-;-;0;1;1;0;0;0
780;x;-;-;-;0;1;0;0;0;0
781;x;-;RN;-;0;1;1;0;0;0
782;x;-;-;-;0;1;0;0;0;0
783;x;-;-;-;0;0;1;0;0;0
784;x;-;-;-;0;1;1;0;0;0
785;x;-;-;-;0;1;1;0;0;0
786;x;-;-;-;0;0;1;0;0;0
787;x;-;-;-;0;1;1;0;0;0
788;x;x;RYN;-;0;0;1;0;0;0
789;x;RN;-;-;0;1;1;0;0;0
790;x;-;-;-;0;0;1;0;0;0
791;x;RYS;RYS;RYS;0;1;1;0;0;0
792;x;-;-;-;0;1;1;0;0;0
793;x;-;-;-;0;1;0;0;0;0
794;x;x;-;-;0;1;1;0;0;0
795;x;RYS;-;RN;0;0;1;1;0;0
796;x;-;-;RN;0;0;1;1;0;0
797;x;-;-;-;0;1;1;0;0;0
798;x;RYN;-;-;0;0;1;0;0;0
799;x;-;-;-;0;1;0;0;0;0
800;x;-;-;-;0;0;1;0;0;0
801;x;x;x;-;0;1;1;0;0;0
802;x;-;-;-;0;1;0;0;0;0
803;x;RN;-;RYS;0;0;1;0;0;1
804;x;-;-;-;0;0;1;0;0;0
805;x;-;-;-;0;0;1;0;0;0
806;x;x;-;-;0;1;1;0;0;0
807;x;x;RYN;-;0;1;0;0;0;0
808;x;-;-;-;0;1;1;0;0;0
809;x;-;-;-;0;1;1;0;0;0
810;x;-;RYN;-;0;1;1;0;0;0
811;x;-;-;-;0;1;1;0;0;0
812;x;-;-;-;0;1;1;0;0;0
813;x;RYS;-;-;0;1;1;0;0;0
814;x;x;-;-;0;1;1;0;0;0
815;x;-;-;-;0;0;1;0;0;0
816;x;RN;-;-;0;1;0;0;0;0
817;x;-;-;-;0;1;1;0;0;0
818;x;-;-;-;0;0;1;0;0;0
819;x;-;-;-;0;1;0;0;0;0
820;x;x;RYS;RYN;0;1;1;1;0;0
821;x;-;-;-;0;1;1;0;0;0
822;x;RYS;-;-;0;0;1;0;0;0
823;x;x;RYS;-;1;0;1;0;0;0
824;x;-;-;-;0;1;1;0;0;0
825;x;-;-;-;0;1;1;0;0;0
826;x;RYN;-;-;0;1;1;0;0;0
827;x;-;RYN;-;0;1;1;0;0;0
828;x;-;-;-;0;1;1;0;0;0
829;x;RN;RYN;-;0;1;1;0;0;0
830;x;-;-;-;0;1;1;0;0;0
831;x;RYS;RYS;RYS;0;1;1;1;0;0
832;x;-;-;-;0;0;1;0;0;0
833;x;-;RN;-;0;0;1;0;0;0
834;x;RYS;-;-;0;1;1;0;0;0
835;x;RYS;-;-;0;1;1;0;0;0
836;x;-;-;-;0;1;1;0;0;0
837;x;-;RYS;RN;0;0;1;0;0;0
838;x;-;-;-;0;1;0;0;0;0
839;x;-;-;-;0;1;1;0;0;0
840;x;-;-;-;0;1;1;0;0;0
841;x;-;-;-;0;0;1;0;0;0
842;x;x;-;-;0;1;1;0;0;0
843;x;x;-;-;0;1;0;0;0;0
844;x;x;-;-;0;0;1;0;0;0
845;x;x;-;-;0;1;1;0;0;0
846;x;x;x;-;0;1;1;0;0;0
847;x;x;-;-;0;1;1;0;0;0
848;x;x;-;-;0;1;1;0;0;0
849;x;x;-;-;0;1;1;0;0;0
850;x;x;-;-;0;1;0;0;0;0
851;x;x;-;-;0;1;1;0;0;0
852;x;x;RYN;-;0;1;1;0;0;0
853;x;x;-;-;0;1;1;0;0;0
854;x;x;-;-;0;1;1;0;0;0
855;x;x;RYS;-;0;1;1;0;0;0
856;x;x;-;-;0;1;1;0;0;0
857;x;x;-;-;0;1;0;0;0;0
858;x;x;-;RYN;0;1;1;0;0;1
859;x;x;-;-;0;0;1;0;0;0
860;x;x;-;-;0;0;0;0;0;0
861;x;x;x;-;0;1;1;0;0;0
862;x;x;-;-;0;1;1;0;0;0
863;x;x;-;-;0;1;1;0;0;0
864;x;x;-;-;0;1;0;0;0;0
865;x;x;-;-;0;1;1;0;0;0
866;x;x;-;-;0;1;1;0;0;0
867;x;x;-;-;0;0;1;0;0;0
868;x;x;-;-;0;0;1;0;0;0
869;x;x;-;-;0;1;0;0;0;0
870;x;x;-;-;0;1;1;0;0;0
871;x;x;-;-;0;1;1;0;0;0
872;x;x;-;-;0;0;1;0;0;0
873;x;x;x;RN;0;1;1;1;0;0
874;x;x;-;-;0;1;1;0;0;0
875;x;x;-;-;0;1;1;0;0;0
876;x;x;-;-;0;1;1;0;0;0
877;x;x;-;-;0;1;1;0;0;0
878;x;x;-;-;0;1;1;0;0;0
879;x;x;-;-;0;1;1;0;0;0
880;x;x;x;RYS;0;0;1;0;1;0
881;x;x;-;-;0;1;1;0;0;0
882;x;x;-;-;0;0;1;0;0;0
883;x;x;-;-;0;1;1;0;0;0
884;x;x;-;-;0;1;1;0;0;0
885;x;x;-;-;0;1;1;0;0;0
886;x;x;x;RYS;0;1;1;1;0;0
887;x;x;-;-;0;1;1;0;0;0
888;x;x;-;-;0;0;1;0;0;0
889;x;x;-;-;0;1;1;0;0;0
890;x;x;RYS;-;0;0;1;0;0;0
891;x;x;-;-;0;1;1;0;0;0
892;x;x;-;-;0;1;1;0;0;0
893;x;x;-;-;0;1;1;0;0;0
894;x;x;-;-;0;1;1;0;0;0
895;x;x;-;-;0;1;1;0;0;0
896;x;x;x;-;0;1;1;0;0;0
897;x;x;-;-;0;1;1;0;0;0
898;x;x;x;RYS;0;1;1;0;1;0
899;x;x;x;-;0;1;1;0;0;0
900;x;x;-;-;0;0;0;0;0;0
901;x;x;RYS;RN;0;1;1;1;0;0
902;x;x;-;-;0;1;1;0;0;0
903;x;x;-;-;0;0;1;0;0;0
904;x;x;-;-;0;0;1;0;0;0
905;x;x;-;-;0;1;1;0;0;0
906;x;x;-;-;0;1;1;0;0;0
907;x;x;-;-;0;1;1;0;0;0
908;x;x;-;-;0;1;1;0;0;0
909;x;x;-;-;0;1;0;0;0;0
910;x;x;RYS;-;0;1;0;0;0;0
911;x;x;-;-;0;0;1;0;0;0
912;x;x;-;-;0;0;0;0;0;0
913;x;x;-;-;0;0;1;0;0;0
914;x;x;-;-;0;0;1;0;0;0
915;x;x;x;-;0;1;0;0;0;0
916;x;x;-;-;0;1;1;0;0;0
917;x;x;-;RYN;0;1;1;0;0;1
918;x;x;-;-;0;1;1;0;0;0
919;x;x;-;-;0;1;1;0;0;0
920;x;x;-;-;0;0;1;0;0;0
921;x;x;-;-;0;1;1;0;0;0
922;x;x;-;-;0;0;1;0;0;0
923;x;x;-;-;0;0;1;0;0;0
924;x;x;-;-;0;1;1;0;0;0
925;x;x;-;-;0;1;1;0;0;0
926;x;x;-;-;0;1;1;0;0;0
927;x;x;-;-;0;1;0;0;0;0
928;x;x;-;-;0;1;1;0;0;0
929;x;x;RYS;-;0;1;1;0;0;0
930;x;x;RYN;-;0;1;0;0;0;0
931;x;x;-;-;0;0;0;0;0;0
932;x;x;-;-;0;1;1;0;0;0
933;x;x;RYN;-;0;1;1;0;0;0
934;x;x;-;-;0;0;1;0;0;0
935;x;x;-;-;0;1;1;0;0;0
936;x;x;-;-;0;1;1;0;0;0
937;x;x;-;-;0;1;1;0;0;0
938;x;x;-;-;0;1;1;0;0;0
939;x;x;RYS;-;0;1;1;0;0;0
940;x;x;-;-;0;1;1;0;0;0
941;x;x;RYS;-;0;1;1;0;0;0
942;x;x;-;-;0;0;1;0;0;0
943;x;x;-;-;0;1;1;0;0;0
944;x;x;RN;-;0;1;1;0;0;0
945;x;x;x;RYS;0;1;1;0;0;0
946;x;x;RYS;RYS;0;1;0;1;0;0
947;x;x;RYS;RYN;0;1;1;0;1;0
948;x;x;-;-;0;1;0;0;0;0
949;x;x;-;-;0;1;1;0;0;0
950;x;x;-;-;0;1;0;0;0;0
951;x;x;x;-;0;1;1;0;0;0
952;x;x;-;-;0;1;1;0;0;0
953;x;x;-;-;0;1;1;0;0;0
954;x;x;-;-;0;1;0;0;0;0
955;x;x;-;-;0;1;1;0;0;0
956;x;x;-;-;0;1;1;0;0;0
957;x;x;-;-;0;1;1;0;0;0
958;x;x;-;-;0;0;1;0;0;0
959;x;x;-;-;0;1;0;0;0;0
960;x;x;-;RYS;0;1;1;0;0;1
961;x;x;RN;-;0;1;1;0;0;0
962;x;x;RYS;-;0;0;1;0;0;0
963;x;x;-;-;0;1;1;0;0;0
964;x;x;x;-;0;1;1;0;0;0
965;x;x;-;-;0;1;1;0;0;0
966;x;x;-;-;0;1;1;0;0;0
967;x;x;-;-;0;1;1;0;0;0
968;x;x;-;-;0;1;1;0;0;0
969;x;x;-;-;0;1;1;0;0;0
970;x;x;-;-;0;1;1;0;0;0
971;x;x;-;-;0;1;1;0;0;0
972;x;x;-;-;0;0;1;0;0;0
973;x;x;-;-;0;1;1;0;0;0
974;x;x;x;-;0;1;1;0;0;0
975;x;x;-;-;0;1;1;0;0;0
976;x;x;-;-;0;1;1;0;0;0
977;x;x;-;-;0;1;1;0;0;0
978;x;x;RN;-;0;1;1;0;0;0
979;x;x;RYS;RYN;0;0;1;1;0;0
980;x;x;x;RN;0;1;1;0;0;0
981;x;x;-;-;0;1;1;0;0;0
982;x;x;RN;-;0;1;1;0;0;0
983;x;x;x;RYS;0;1;0;0;1;0
984;x;x;-;-;0;0;1;0;0;0
985;x;x;-;-;0;1;1;0;0;0
986;x;x;x;-;0;1;1;0;0;0
987;x;x;RYS;-;0;1;1;0;0;0
988;x;x;-;-;0;1;0;0;0;0
989;x;x;-;-;0;1;1;0;0;0
990;x;x;RYS;-;0;1;1;0;0;0
991;x;x;RYN;-;0;1;1;0;0;0
992;x;x;-;-;0;1;1;0;0;0
993;x;x;RYS;-;0;1;0;0;0;0
994;x;x;-;-;0;1;0;0;0;0
995;x;x;x;-;0;1;1;0;0;0
996;x;x;RYS;RYS;0;1;1;1;0;0
997;x;x;-;-;0;1;1;0;0;0
998;x;x;RYS;RN;0;1;1;1;0;0
999;x;x;-;-;0;1;0;0;0;0
1000;x;x;-;-;0;1;1;0;0;0
1001;x;x;-;-;0;1;0;0;0;0
1002;x;x;-;-;0;1;1;0;0;0
1003;x;x;-;-;0;1;1;0;0;0
1004;x;x;RN;-;0;0;1;0;0;0
1005;x;x;-;RN;0;1;1;0;0;0
1006;x;x;RYN;-;0;1;1;0;0;0
1007;x;x;RN;-;0;1;1;0;0;0
1008;x;x;-;-;0;1;1;0;0;0
1009;x;x;-;-;0;1;1;0;0;0
1010;x;x;-;-;0;0;1;0;0;0
1011;x;x;-;-;0;1;1;0;0;0
1012;x;x;-;-;0;1;1;0;0;0
1013;x;x;-;-;0;0;1;0;0;0
1014;x;x;-;-;0;0;1;0;0;0
1015;x;x;-;-;0;1;1;0;0;0
1016;x;x;-;-;0;1;1;0;0;0
1017;x;x;-;-;0;1;1;0;0;0
1018;x;x;-;-;0;1;1;0;0;0
1019;x;x;-;-;0;1;0;0;0;0
1020;x;x;RYS;RN;0;1;1;0;0;0
1021;x;x;RYS;-;0;0;1;0;0;0
1022;x;x;RYS;RYS;0;0;1;1;0;0
1023;x;x;-;-;0;1;1;0;0;0
1024;x;x;-;-;0;1;1;0;0;0
1025;x;x;-;-;0;1;1;0;0;0
1026;x;x;RYN;RYS;0;0;1;0;0;0
1027;x;x;RYS;-;0;0;1;0;0;0
1028;x;x;x;-;0;1;1;0;0;0
1029;x;x;RYS;-;0;1;1;0;0;0
1030;x;x;RYS;-;0;1;1;0;0;0
1031;x;x;RYN;RYS;0;0;1;0;1;0
1032;x;x;-;-;0;1;0;0;0;0
1033;x;x;x;-;0;1;1;0;0;0
1034;x;x;x;-;0;1;0;0;0;0
1035;x;x;x;-;0;1;0;0;0;0
1036;x;x;x;-;0;1;1;0;0;0
1037;x;x;x;-;0;1;1;0;0;0
1038;x;x;x;-;0;1;1;0;0;0
1039;x;x;x;-;0;1;1;0;0;0
1040;x;x;x;RYN;0;1;1;0;0;1
1041;x;x;x;-;0;1;1;0;0;0
1042;x;x;x;-;0;0;0;0;0;0
1043;x;x;x;-;0;1;1;0;0;0
1044;x;x;x;-;0;1;1;0;0;0
1045;x;x;x;-;0;1;0;0;0;0
1046;x;x;x;-;0;1;1;0;0;0
1047;x;x;x;-;0;1;1;0;0;0
1048;x;x;x;RN;0;1;1;0;0;0
1049;x;x;x;-;0;1;1;0;0;0
1050;x;x;x;-;0;1;1;0;0;0
1051;x;x;x;-;0;0;1;0;0;0
1052;x;x;x;-;0;1;1;0;0;0
1053;x;x;x;RYN;0;1;1;0;0;1
1054;x;x;x;-;0;1;0;0;0;0
1055;x;x;x;-;0;1;1;0;0;0
1056;x;x;x;-;0;1;0;0;0;0
1057;x;x;x;-;0;1;1;0;0;0
1058;x;x;x;-;0;1;0;0;0;0
1059;x;x;x;-;0;1;1;0;0;0
1060;x;x;x;-;0;1;1;0;0;0
1061;x;x;x;-;0;1;1;0;0;0
1062;x;x;x;-;0;1;1;0;0;0
1063;x;x;x;-;0;1;0;0;0;0
1064;x;x;x;-;0;1;1;0;0;0
1065;x;x;x;RN;0;1;1;1;0;0
1066;x;x;x;RYS;0;1;1;1;0;0
1067;x;x;x;RYS;0;1;1;0;0;0
1068;x;x;x;-;0;1;1;0;0;0
1069;x;x;x;RN;0;1;0;0;0;0
1070;x;x;x;-;0;1;1;0;0;0
1071;x;x;x;-;0;0;0;0;0;0
1072;x;x;x;RYN;0;1;1;0;0;1
1073;x;x;x;RYN;0;1;0;0;0;0
1074;x;x;x;-;0;1;1;0;0;0
1075;x;x;x;-;0;1;0;0;0;0
1076;x;x;x;-;0;0;0;0;0;0
1077;x;x;x;-;0;1;1;0;0;0
1078;x;x;x;-;0;1;1;0;0;0
1079;x;x;x;-;0;0;0;0;0;0
1080;x;x;x;-;0;0;1;0;0;0
1081;x;x;x;-;0;0;1;0;0;0
1082;x;x;x;RN;0;1;1;0;0;0
1083;x;x;x;RN;0;1;1;0;0;0
1084;x;x;x;RYS;0;1;1;1;0;0
1085;x;x;x;-;0;1;1;0;0;0
1086;x;x;x;-;0;1;0;0;0;0
1087;x;x;x;RYS;0;1;1;1;0;0
1088;x;x;x;-;0;0;1;0;0;0
1089;x;x;x;-;0;1;1;0;0;0
1090;x;x;x;-;0;1;1;0;0;0
1091;x;x;x;-;0;1;0;0;0;0
1092;x;x;x;-;0;1;1;0;0;0
1093;x;x;x;-;0;1;1;0;0;0
1094;x;x;x;-;0;1;1;0;0;0
1095;x;x;x;-;0;1;1;0;0;0
1096;x;x;x;-;0;0;1;0;0;0
1097;x;x;x;-;0;1;0;0;0;0
1098;x;x;x;-;0;0;0;0;0;0
1099;x;x;x;RYN;0;1;1;0;0;1
1100;x;x;x;-;0;1;1;0;0;0
1101;x;x;x;-;0;1;1;0;0;0
1102;x;x;x;-;0;1;1;0;0;0
1103;x;x;x;-;0;1;1;0;0;0
1104;x;x;x;-;0;1;0;0;0;0
1105;x;x;x;RYS;0;1;1;1;0;0
1106;x;x;x;-;0;1;0;0;0;0
1107;x;x;x;-;0;1;1;0;0;0
1108;x;x;x;-;0;1;1;0;0;0
1109;x;x;x;RYN;0;0;1;1;0;0
1110;x;x;x;-;0;0;1;0;0;0
1111;x;x;x;-;0;1;1;0;0;0
1112;x;x;x;-;0;1;1;0;0;0
1113;x;x;x;RN;0;1;1;0;0;0
1114;x;x;x;-;0;0;1;0;0;0
1115;x;x;x;-;0;0;0;0;0;0
1116;x;x;x;-;0;1;1;0;0;0
1117;x;x;x;-;0;0;1;0;0;0
1118;x;x;x;RYN;0;1;1;0;1;0
1119;x;x;x;-;0;0;1;0;0;0
1120;x;x;x;-;0;0;1;0;0;0
1121;x;x;x;-;0;1;1;0;0;0
1122;x;x;x;-;0;1;1;0;0;0
1123;x;x;x;-;0;0;1;0;0;0
1124;x;x;x;RYS;0;0;1;0;0;1
1125;x;x;x;-;0;0;1;0;0;0
1126;x;x;x;RYS;0;0;1;0;0;1
1127;x;x;x;RYS;0;0;1;0;0;1
1128;x;x;x;RYS;0;0;1;0;0;1
1129;x;x;x;RYS;0;0;1;0;0;1
1130;x;x;x;RYS;0;0;1;0;0;1
1131;x;x;x;RYS;0;0;1;0;0;0
1132;x;x;x;RYN;0;0;1;0;0;1
1133;x;x;x;-;0;0;1;0;0;0
1134;x;x;x;-;0;1;1;0;0;0
1135;x;x;x;RYS;0;1;0;0;0;1
1136;x;x;x;-;0;1;1;0;0;0
1137;x;x;x;RYN;0;0;1;0;0;0
1138;x;x;x;-;0;1;1;0;0;0
1139;x;x;x;-;0;1;1;0;0;0
1140;x;x;x;-;0;1;1;0;0;0
1141;x;x;x;-;0;1;1;0;0;0
1142;x;x;x;RYS;0;0;1;0;0;0
1143;x;x;x;-;0;0;1;0;0;0
1144;x;x;x;RYS;0;1;1;0;0;0
1145;x;x;x;RYS;0;1;0;0;0;0
1146;x;x;x;RYS;0;1;1;0;0;0
1147;x;x;x;RYS;0;1;1;0;0;0
1148;x;x;x;-;0;1;1;0;0;0
1149;x;x;x;-;0;0;1;0;0;0
1150;x;x;x;-;0;1;1;0;0;0
1151;x;x;x;-;0;0;1;0;0;0
1152;x;x;x;-;0;1;1;0;0;0
1153;x;x;x;-;0;1;1;0;0;0
1154;x;x;x;x;0;1;1;0;0;0
1155;x;x;x;x;0;0;1;0;0;0
1156;x;x;x;x;0;0;1;0;0;0
1157;x;x;x;x;0;0;1;0;0;0
1158;x;x;x;x;0;1;0;0;0;0
1159;x;x;x;x;0;1;0;0;0;0
1160;x;x;x;x;0;0;0;0;0;0
1161;x;x;x;x;0;1;1;0;0;0
1162;x;x;x;x;0;1;1;0;0;0
1163;x;x;x;x;0;1;1;0;0;0
1164;x;x;x;x;0;0;1;0;0;0
